"","p_val","avg_log2FC","pct.1","pct.2","p_val_adj","cluster","gene"
"Tb927.6.1520",6.21737664171747e-139,0.593488547409149,0.919,0.791,5.34010479757113e-135,"ZC3H36_EP_hi_GPEET_mid","Tb927.6.1520"
"Tb927.10.12760",3.58909806756416e-110,0.94590858132504,0.553,0.35,3.08267633023086e-106,"ZC3H36_EP_hi_GPEET_mid","Tb927.10.12760"
"Tb927.10.12850",8.64432966812102e-100,0.501662123339837,0.884,0.782,7.42461475194915e-96,"ZC3H36_EP_hi_GPEET_mid","Tb927.10.12850"
"Tb927.10.2250",2.6745834322543e-64,0.879022321244289,0.38,0.232,2.29719970996322e-60,"ZC3H36_EP_hi_GPEET_mid","Tb927.10.2250"
"Tb927.3.4500",6.09437274136819e-44,0.586879004039197,0.552,0.434,5.23445674756114e-40,"ZC3H36_EP_hi_GPEET_mid","Tb927.3.4500"
"Tb927.10.12750",9.57856220892151e-41,0.947738414583189,0.23,0.131,8.22702708124268e-37,"ZC3H36_EP_hi_GPEET_mid","Tb927.10.12750"
"Tb927.11.1280",1.47657882617401e-38,0.645624671065535,0.373,0.261,1.26823355380085e-34,"ZC3H36_EP_hi_GPEET_mid","Tb927.11.1280"
"Tb927.11.5090",1.52843783265024e-35,0.583198678036742,0.414,0.3,1.31277525446329e-31,"ZC3H36_EP_hi_GPEET_mid","Tb927.11.5090"
"Tb927.7.5970",5.13599124821564e-27,0.62365232447273,0.265,0.176,4.41130288309241e-23,"ZC3H36_EP_hi_GPEET_mid","Tb927.7.5970"
"Tb927.8.6340",1.22821600795135e-25,0.528167517996327,0.303,0.213,1.05491472922941e-21,"ZC3H36_EP_hi_GPEET_mid","Tb927.8.6340"
"Tb927.5.4020",1.5282310765364e-23,0.50155616967167,0.362,0.27,1.31259767163711e-19,"ZC3H36_EP_hi_GPEET_mid","Tb927.5.4020"
"Tb927.2.2140",3.3598853892311e-23,0.551027423171413,0.343,0.259,2.8858055608106e-19,"ZC3H36_EP_hi_GPEET_mid","Tb927.2.2140"
"Tb927.10.810",1.09784175825086e-17,0.580642868098086,0.229,0.163,9.42936286161659e-14,"ZC3H36_EP_hi_GPEET_mid","Tb927.10.810"
"Tb11.v5.0671",4.24456679747079e-17,0.663214771959002,0.191,0.131,3.64565842234766e-13,"ZC3H36_EP_hi_GPEET_mid","Tb11.v5.0671"
"Tb11.v5.0622",2.22473733556601e-15,0.717020380038297,0.128,0.081,1.91082689751764e-11,"ZC3H36_EP_hi_GPEET_mid","Tb11.v5.0622"
"Tb927.7.1790",8.55282393305425e-13,0.517885240022733,0.198,0.145,7.34602047610029e-09,"ZC3H36_EP_hi_GPEET_mid","Tb927.7.1790"
"Tb927.3.2630",1.37687767533996e-10,0.508275036247763,0.183,0.137,1.1826002353495e-06,"ZC3H36_EP_hi_GPEET_mid","Tb927.3.2630"
"Tb927.7.5990",3.90329223370363e-10,0.565043169514178,0.113,0.076,3.35253769952805e-06,"ZC3H36_EP_hi_GPEET_mid","Tb927.7.5990"
"Tb11.v5.0505",6.88728818681489e-10,0.616325892767295,0.114,0.078,5.91549182365531e-06,"ZC3H36_EP_hi_GPEET_mid","Tb11.v5.0505"
"Tb927.11.2750",9.97299932754724e-10,0.500561235627027,0.149,0.108,8.56580912243033e-06,"ZC3H36_EP_hi_GPEET_mid","Tb927.11.2750"
"Tb927.11.15540",5.10494091159942e-09,0.628672978244747,0.087,0.057,4.38463374897274e-05,"ZC3H36_EP_hi_GPEET_mid","Tb927.11.15540"
"Tb927.6.1960",4.1556500405323e-08,0.582977997848983,0.082,0.054,0.000356928781981319,"ZC3H36_EP_hi_GPEET_mid","Tb927.6.1960"
"Tb11.v5.0726",4.42711798024794e-07,0.510499721873479,0.12,0.09,0.00380245163323496,"ZC3H36_EP_hi_GPEET_mid","Tb11.v5.0726"
"Tb927.6.2830",5.82027225969371e-07,0.528246512811189,0.099,0.071,0.00499903184385093,"ZC3H36_EP_hi_GPEET_mid","Tb927.6.2830"
"Tb927.11.13390",1.1708426919701e-06,0.501179924013422,0.093,0.066,0.0100563678813312,"ZC3H36_EP_hi_GPEET_mid","Tb927.11.13390"
"Tb927.6.4050",1.43948006301279e-06,0.555402275389441,0.072,0.049,0.0123636942612168,"ZC3H36_EP_hi_GPEET_mid","Tb927.6.4050"
"Tb927.9.6910",2.35893860297624e-06,0.515324558795353,0.109,0.082,0.020260923660963,"ZC3H36_EP_hi_GPEET_mid","Tb927.9.6910"
"Tb927.1.90",7.99795768252918e-73,1.06211250464179,0.356,0.189,6.86944585352432e-69,"RHS_EP_hi_GPEET_mid","Tb927.1.90"
"Tb927.1.70",4.48077565936436e-72,1.05604560724443,0.358,0.188,3.84853821382804e-68,"RHS_EP_hi_GPEET_mid","Tb927.1.70"
"Tb927.2.1130",1.22857463340842e-59,0.873543180015064,0.392,0.231,1.05522275263449e-55,"RHS_EP_hi_GPEET_mid","Tb927.2.1130"
"Tb927.6.5160",5.21300574110886e-57,0.847936008401011,0.36,0.206,4.4774506310384e-53,"RHS_EP_hi_GPEET_mid","Tb927.6.5160"
"Tb927.11.15100",1.36760686981071e-56,0.536413277602271,0.708,0.567,1.17463754048042e-52,"RHS_EP_hi_GPEET_mid","Tb927.11.15100"
"Tb927.11.8470",1.58628775344128e-48,0.65456971012437,0.506,0.358,1.36246255143072e-44,"RHS_EP_hi_GPEET_mid","Tb927.11.8470"
"Tb927.8.6660",1.20589542093204e-44,0.591621791168188,0.572,0.432,1.03574357703853e-40,"RHS_EP_hi_GPEET_mid","Tb927.8.6660"
"Tb927.2.240",5.42239108645921e-44,1.31125187117896,0.145,0.059,4.65729170415981e-40,"RHS_EP_hi_GPEET_mid","Tb927.2.240"
"Tb927.10.13430",3.20695273287101e-36,0.635394351128666,0.419,0.284,2.75445170226291e-32,"RHS_EP_hi_GPEET_mid","Tb927.10.13430"
"Tb11.v5.0366",2.76944326628002e-35,0.606881427162074,0.476,0.348,2.37867482140791e-31,"RHS_EP_hi_GPEET_mid","Tb11.v5.0366"
"Tb927.2.1180",6.16677480466796e-35,0.824758486235332,0.267,0.159,5.29664287972931e-31,"RHS_EP_hi_GPEET_mid","Tb927.2.1180"
"Tb927.4.300",1.20905944869998e-29,0.814839079789944,0.202,0.113,1.03846116048841e-25,"RHS_EP_hi_GPEET_mid","Tb927.4.300"
"Tb927.6.150",4.49815278506137e-29,0.7514145922691,0.271,0.172,3.86346342708921e-25,"RHS_EP_hi_GPEET_mid","Tb927.6.150"
"Tb11.v5.0567",1.11180550109848e-28,0.708931535171849,0.264,0.165,9.54929744893488e-25,"RHS_EP_hi_GPEET_mid","Tb11.v5.0567"
"Tb927.1.410",5.28824053442499e-28,0.82600149543207,0.212,0.124,4.54206979501763e-24,"RHS_EP_hi_GPEET_mid","Tb927.1.410"
"Tb927.4.240",3.2535605369927e-24,1.04332162964502,0.126,0.064,2.79448314522303e-20,"RHS_EP_hi_GPEET_mid","Tb927.4.240"
"Tb927.4.250",6.87832721066191e-23,1.13575912323569,0.088,0.038,5.90779524123752e-19,"RHS_EP_hi_GPEET_mid","Tb927.4.250"
"Tb927.10.5880",3.5050283528614e-22,0.520705065567954,0.403,0.306,3.01046885227265e-18,"RHS_EP_hi_GPEET_mid","Tb927.10.5880"
"Tb927.11.15960",3.80947743480197e-20,0.57087110991291,0.246,0.163,3.27196016875142e-16,"RHS_EP_hi_GPEET_mid","Tb927.11.15960"
"Tb927.6.520",7.66640955595296e-20,0.609640770060105,0.242,0.162,6.584679167608e-16,"RHS_EP_hi_GPEET_mid","Tb927.6.520"
"Tb927.8.5010",3.69221770773214e-19,0.751436606865401,0.159,0.095,3.17124578917113e-15,"RHS_EP_hi_GPEET_mid","Tb927.8.5010"
"Tb927.2.490",6.32614489425531e-18,0.649443237823552,0.22,0.147,5.43352584967588e-14,"RHS_EP_hi_GPEET_mid","Tb927.2.490"
"Tb927.6.220",1.48758099444961e-17,0.724938677884232,0.168,0.105,1.27768331613277e-13,"RHS_EP_hi_GPEET_mid","Tb927.6.220"
"Tb927.2.270",3.47116403998231e-17,0.50986077207622,0.247,0.17,2.98138279394081e-13,"RHS_EP_hi_GPEET_mid","Tb927.2.270"
"Tb927.7.2020",2.81976745099315e-16,1.23020716356751,0.054,0.022,2.42189826365802e-12,"RHS_EP_hi_GPEET_mid","Tb927.7.2020"
"Tb927.1.2110",2.43897191195439e-15,0.568507539783042,0.265,0.193,2.09483297517763e-11,"RHS_EP_hi_GPEET_mid","Tb927.1.2110"
"Tb927.11.3990",4.39107196567717e-15,0.662349730092953,0.141,0.086,3.77149171132012e-11,"RHS_EP_hi_GPEET_mid","Tb927.11.3990"
"Tb927.7.2040",3.22109423476184e-13,0.814294782577543,0.097,0.056,2.76659783823694e-09,"RHS_EP_hi_GPEET_mid","Tb927.7.2040"
"Tb11.0820",9.09915851221571e-13,0.989325437595097,0.064,0.032,7.81526724614208e-09,"RHS_EP_hi_GPEET_mid","Tb11.0820"
"Tb927.2.1100",2.96218322598128e-12,0.640317608439938,0.113,0.069,2.54421917279533e-08,"RHS_EP_hi_GPEET_mid","Tb927.2.1100"
"Tb11.v5.0641",6.05502278827644e-12,1.11664487155255,0.055,0.027,5.20065907285063e-08,"RHS_EP_hi_GPEET_mid","Tb11.v5.0641"
"Tb11.v5.06711",1.36863810187699e-11,0.519322096178687,0.192,0.137,1.17552326570215e-07,"RHS_EP_hi_GPEET_mid","Tb11.v5.0671"
"Tb927.4.160",7.83921696531861e-11,0.536713551633266,0.151,0.103,6.73310345151215e-07,"RHS_EP_hi_GPEET_mid","Tb927.4.160"
"Tb11.v5.0442",8.46453621952973e-11,0.553445384304738,0.178,0.127,7.27019015895409e-07,"RHS_EP_hi_GPEET_mid","Tb11.v5.0442"
"Tb927.4.260",1.68405028550854e-10,0.7074867690702,0.098,0.061,1.44643079022329e-06,"RHS_EP_hi_GPEET_mid","Tb927.4.260"
"Tb927.8.5780",1.03421059665277e-09,0.5895504674668,0.109,0.071,8.8828348146506e-06,"RHS_EP_hi_GPEET_mid","Tb927.8.5780"
"Tb927.5.3130",7.43166459603344e-09,0.564415774051552,0.12,0.082,6.38305672153312e-05,"RHS_EP_hi_GPEET_mid","Tb927.5.3130"
"Tb927.10.970",7.5106453974883e-09,0.501834770389354,0.123,0.084,6.4508933319027e-05,"RHS_EP_hi_GPEET_mid","Tb927.10.970"
"Tb927.8.6570",2.27006028835689e-08,0.522512480447336,0.133,0.094,0.000194975478166973,"RHS_EP_hi_GPEET_mid","Tb927.8.6570"
"Tb927.2.950",3.06775504704488e-08,0.725957965395769,0.065,0.039,0.000263489480990685,"RHS_EP_hi_GPEET_mid","Tb927.2.950"
"Tb927.6.5190",7.09717957596523e-07,0.721574826710341,0.055,0.033,0.00609576753779654,"RHS_EP_hi_GPEET_mid","Tb927.6.5190"
"Tb927.11.5900",4.46897196369384e-06,0.505543522435443,0.082,0.056,0.0383840001961664,"RHS_EP_hi_GPEET_mid","Tb927.11.5900"
"Tb927.10.10590",2.42936765803071e-287,2.12467917370791,0.484,0.143,2.08658388148258e-283,"histone_EP_hi_GPEET_mid","Tb927.10.10590"
"Tb927.11.16400",9.35603416063222e-213,1.67696921258445,0.507,0.195,8.03589774056702e-209,"histone_EP_hi_GPEET_mid","Tb927.11.16400"
"Tb927.11.1860",4.56039688255122e-199,1.51623285164916,0.577,0.269,3.91692488242324e-195,"histone_EP_hi_GPEET_mid","Tb927.11.1860"
"Tb927.5.4180",1.41436082050827e-184,2.08200251780617,0.346,0.103,1.21479450873456e-180,"histone_EP_hi_GPEET_mid","Tb927.5.4180"
"Tb8.NT.11",6.88263979756116e-183,0.95052224741922,0.829,0.599,5.91149932212528e-179,"histone_EP_hi_GPEET_mid","Tb8.NT.11"
"Tb927.10.8980",5.94170594234273e-154,1.6036709681795,0.435,0.179,5.10333123387817e-150,"histone_EP_hi_GPEET_mid","Tb927.10.8980"
"Tb927.10.10580",3.58133944258868e-143,2.32755974573505,0.209,0.046,3.07601244723942e-139,"histone_EP_hi_GPEET_mid","Tb927.10.10580"
"Tb927.11.1800",2.78543737503315e-139,2.07098038473467,0.259,0.073,2.39241216141598e-135,"histone_EP_hi_GPEET_mid","Tb927.11.1800"
"Tb927.11.7350",1.30891994186022e-138,1.16902490885086,0.596,0.343,1.12423133806374e-134,"histone_EP_hi_GPEET_mid","Tb927.11.7350"
"Tb927.11.1880",5.62923269644193e-109,1.9196798493288,0.226,0.068,4.83494796297397e-105,"histone_EP_hi_GPEET_mid","Tb927.11.1880"
"Tb927.9.1340",2.65001729109429e-107,1.49181392803721,0.324,0.13,2.27609985132089e-103,"histone_EP_hi_GPEET_mid","Tb927.9.1340"
"Tb927.6.3180",1.23695276764652e-102,1.12638261699525,0.535,0.321,1.0624187321316e-98,"histone_EP_hi_GPEET_mid","Tb927.6.3180"
"Tb927.9.14290",9.00978123111636e-97,1.48629275165408,0.297,0.119,7.73850109940584e-93,"histone_EP_hi_GPEET_mid","Tb927.9.14290"
"Tb927.11.3250",1.83642808368865e-93,0.759383077032326,0.697,0.487,1.57730808108018e-89,"histone_EP_hi_GPEET_mid","Tb927.11.3250"
"Tb927.9.9810",2.37614069981633e-92,1.27528381012411,0.379,0.183,2.04086724707224e-88,"histone_EP_hi_GPEET_mid","Tb927.9.9810"
"Tb927.3.2050",1.43020742291028e-89,1.20603292388292,0.383,0.188,1.22840515553764e-85,"histone_EP_hi_GPEET_mid","Tb927.3.2050"
"Tb927.10.8330",6.33644082473488e-88,1.62100447069735,0.233,0.083,5.44236902436479e-84,"histone_EP_hi_GPEET_mid","Tb927.10.8330"
"Tb927.11.1030",6.63099675661715e-86,1.11919998074566,0.431,0.23,5.69536311425847e-82,"histone_EP_hi_GPEET_mid","Tb927.11.1030"
"Tb927.11.7600",4.9653890347189e-83,1.00481534600757,0.48,0.28,4.26477264192007e-79,"histone_EP_hi_GPEET_mid","Tb927.11.7600"
"Tb927.7.2920",1.39479385059954e-81,2.41764125436403,0.121,0.026,1.19798843827994e-77,"histone_EP_hi_GPEET_mid","Tb927.7.2920"
"Tb927.11.14840",6.08068844086605e-81,1.24560296669823,0.37,0.192,5.22270330185985e-77,"histone_EP_hi_GPEET_mid","Tb927.11.14840"
"Tb927.11.6550",1.20321980051336e-75,1.03996684072135,0.466,0.279,1.03344548666092e-71,"histone_EP_hi_GPEET_mid","Tb927.11.6550"
"Tb927.10.8970",5.36135468016108e-68,1.37254836845972,0.235,0.098,4.60486753479035e-64,"histone_EP_hi_GPEET_mid","Tb927.10.8970"
"Tb927.10.2190",1.48564760993588e-67,0.907580266296756,0.461,0.28,1.27602273217393e-63,"histone_EP_hi_GPEET_mid","Tb927.10.2190"
"Tb927.8.1680",3.55380571925699e-65,1.27639262510008,0.263,0.12,3.05236373226983e-61,"histone_EP_hi_GPEET_mid","Tb927.8.1680"
"Tb927.10.890",5.28729965417068e-62,1.03124231625596,0.332,0.173,4.54126167296719e-58,"histone_EP_hi_GPEET_mid","Tb927.10.890"
"Tb927.5.1550",3.92563727392742e-57,0.957350287227321,0.309,0.159,3.37172985457626e-53,"histone_EP_hi_GPEET_mid","Tb927.5.1550"
"Tb927.7.6360",1.00735362795871e-56,1.00514150796445,0.332,0.181,8.65216031053732e-53,"histone_EP_hi_GPEET_mid","Tb927.7.6360"
"Tb927.11.4180",3.77924441037667e-53,1.04199860514462,0.298,0.157,3.24599302407252e-49,"histone_EP_hi_GPEET_mid","Tb927.11.4180"
"Tb927.3.5370",2.51333773416163e-51,0.942368675029253,0.354,0.207,2.15870577987143e-47,"histone_EP_hi_GPEET_mid","Tb927.3.5370"
"Tb927.6.2850",2.09198764643912e-46,0.721105704680907,0.477,0.324,1.79680818952656e-42,"histone_EP_hi_GPEET_mid","Tb927.6.2850"
"Tb927.11.15800",3.39578424771897e-45,1.03417947606836,0.26,0.138,2.91663909036582e-41,"histone_EP_hi_GPEET_mid","Tb927.11.15800"
"Tb927.10.8890",2.11499446793083e-44,0.721530931855132,0.447,0.302,1.81656874850579e-40,"histone_EP_hi_GPEET_mid","Tb927.10.8890"
"Tb927.9.5190",4.94021277621702e-44,1.07494089624262,0.254,0.135,4.2431487534928e-40,"histone_EP_hi_GPEET_mid","Tb927.9.5190"
"Tb927.10.880",1.56554305589662e-38,0.734688604211435,0.364,0.232,1.34464493070961e-34,"histone_EP_hi_GPEET_mid","Tb927.10.880"
"Tb927.10.8950",2.97510520650623e-38,1.32319473021185,0.142,0.06,2.5553178618682e-34,"histone_EP_hi_GPEET_mid","Tb927.10.8950"
"Tb927.11.1340",1.46337155960218e-36,0.781467820199726,0.274,0.156,1.25688983254231e-32,"histone_EP_hi_GPEET_mid","Tb927.11.1340"
"Tb927.7.610",2.85735520457132e-35,0.86392951280789,0.277,0.164,2.45418238520631e-31,"histone_EP_hi_GPEET_mid","Tb927.7.610"
"Tb927.11.890",3.75252637149651e-35,0.908795593001296,0.317,0.202,3.22304490047836e-31,"histone_EP_hi_GPEET_mid","Tb927.11.890"
"Tb927.11.13500",3.53358440173707e-34,0.561910281981715,0.532,0.401,3.03499564265197e-30,"histone_EP_hi_GPEET_mid","Tb927.11.13500"
"Tb927.3.3490",1.00640895549317e-33,0.655623501165647,0.379,0.252,8.64404651873083e-30,"histone_EP_hi_GPEET_mid","Tb927.3.3490"
"Tb927.11.6210",1.32765588016604e-32,0.518821131658002,0.552,0.418,1.14032363547461e-28,"histone_EP_hi_GPEET_mid","Tb927.11.6210"
"Tb927.11.11920",5.1386988527069e-32,1.21198080215128,0.132,0.059,4.41362844458995e-28,"histone_EP_hi_GPEET_mid","Tb927.11.11920"
"Tb927.11.5340",6.10935427739671e-32,0.995641254761094,0.172,0.086,5.24732438885604e-28,"histone_EP_hi_GPEET_mid","Tb927.11.5340"
"Tb927.8.710",4.80126035808754e-31,0.595401151794008,0.455,0.334,4.12380252156139e-27,"histone_EP_hi_GPEET_mid","Tb927.8.710"
"Tb927.10.12920",6.15502848589627e-31,0.908784806522717,0.217,0.122,5.2865539665363e-27,"histone_EP_hi_GPEET_mid","Tb927.10.12920"
"Tb927.11.6560",4.98879129488892e-29,0.971577792923557,0.2,0.112,4.28487284318009e-25,"histone_EP_hi_GPEET_mid","Tb927.11.6560"
"Tb927.8.7080",3.45280009644002e-28,0.755511858107028,0.244,0.146,2.96561000283233e-24,"histone_EP_hi_GPEET_mid","Tb927.8.7080"
"Tb927.10.9730",7.52620691424396e-28,1.06417544104982,0.165,0.086,6.46425911864414e-24,"histone_EP_hi_GPEET_mid","Tb927.10.9730"
"Tb927.11.12410",1.75286171983025e-27,0.506760139699993,0.507,0.389,1.5055329311622e-23,"histone_EP_hi_GPEET_mid","Tb927.11.12410"
"Tb927.2.6100",3.41971537494794e-27,0.515686122611758,0.482,0.364,2.93719353554279e-23,"histone_EP_hi_GPEET_mid","Tb927.2.6100"
"Tb927.8.4580",9.93699800513289e-27,0.549878485961262,0.397,0.281,8.53488758660864e-23,"histone_EP_hi_GPEET_mid","Tb927.8.4580"
"Tb927.3.870",2.57385609805031e-26,0.884307790145348,0.207,0.12,2.21068500261541e-22,"histone_EP_hi_GPEET_mid","Tb927.3.870"
"Tb927.10.3640",2.7077230668524e-26,0.582605634222041,0.397,0.289,2.32566334211953e-22,"histone_EP_hi_GPEET_mid","Tb927.10.3640"
"Tb927.11.2700",2.83644560990327e-26,1.0747985663536,0.14,0.07,2.43622313434592e-22,"histone_EP_hi_GPEET_mid","Tb927.11.2700"
"Tb927.9.3650",4.40535382694352e-26,0.794506889680997,0.228,0.137,3.78375840196179e-22,"histone_EP_hi_GPEET_mid","Tb927.9.3650"
"Tb927.11.7840",4.74143466535696e-26,0.599578880548296,0.361,0.252,4.07241823407509e-22,"histone_EP_hi_GPEET_mid","Tb927.11.7840"
"Tb927.7.6310",4.6463448944905e-25,0.557667331234984,0.424,0.317,3.99074562987789e-21,"histone_EP_hi_GPEET_mid","Tb927.7.6310"
"Tb927.11.1150",4.59439569658006e-24,0.685541848589153,0.317,0.22,3.94612646379262e-20,"histone_EP_hi_GPEET_mid","Tb927.11.1150"
"Tb927.9.2030",6.71171984561637e-24,1.13494914809633,0.109,0.05,5.7646961753999e-20,"histone_EP_hi_GPEET_mid","Tb927.9.2030"
"Tb927.11.5000",1.23652434316234e-23,0.500435773939021,0.449,0.338,1.06205075834213e-19,"histone_EP_hi_GPEET_mid","Tb927.11.5000"
"Tb927.11.13020",2.91926952105356e-23,0.621869713198062,0.322,0.223,2.50736059163291e-19,"histone_EP_hi_GPEET_mid","Tb927.11.13020"
"Tb927.11.9100",3.04224314502205e-23,0.748072476179544,0.214,0.129,2.61298263725944e-19,"histone_EP_hi_GPEET_mid","Tb927.11.9100"
"Tb927.10.16070",4.25736794588015e-23,1.11911420379015,0.118,0.058,3.65665332871646e-19,"histone_EP_hi_GPEET_mid","Tb927.10.16070"
"Tb927.3.4290",5.29244136767035e-23,0.758366937671066,0.242,0.154,4.54567789069207e-19,"histone_EP_hi_GPEET_mid","Tb927.3.4290"
"Tb927.10.10610",7.20119774905063e-23,0.581002171153531,0.321,0.222,6.18510874665959e-19,"histone_EP_hi_GPEET_mid","Tb927.10.10610"
"Tb927.9.13110",8.04637180447018e-23,0.760796492962151,0.202,0.121,6.91102874285943e-19,"histone_EP_hi_GPEET_mid","Tb927.9.13110"
"Tb11.v5.0745",9.8018136258941e-23,0.702504932732446,0.277,0.185,8.41877772328044e-19,"histone_EP_hi_GPEET_mid","Tb11.v5.0745"
"Tb927.3.5220",1.41903205043739e-22,0.607632906923026,0.259,0.167,1.21880662812067e-18,"histone_EP_hi_GPEET_mid","Tb927.3.5220"
"Tb927.3.950",2.89854435347962e-22,0.812896165391774,0.165,0.092,2.48955974520365e-18,"histone_EP_hi_GPEET_mid","Tb927.3.950"
"Tb927.11.16720",4.19150734208885e-22,0.555438332670544,0.377,0.278,3.60008565612012e-18,"histone_EP_hi_GPEET_mid","Tb927.11.16720"
"Tb927.10.11340",1.32070962362361e-20,0.539918792129541,0.36,0.265,1.13435749573032e-16,"histone_EP_hi_GPEET_mid","Tb927.10.11340"
"Tb927.9.13785",2.98932212916748e-20,0.527317459991714,0.374,0.279,2.56752877674195e-16,"histone_EP_hi_GPEET_mid","Tb927.9.13785"
"Tb927.10.4990",3.61742851080636e-20,0.939856546358627,0.136,0.075,3.10700934793158e-16,"histone_EP_hi_GPEET_mid","Tb927.10.4990"
"Tb927.11.1090",7.50529323107538e-20,0.602991630149707,0.268,0.181,6.44629635617065e-16,"histone_EP_hi_GPEET_mid","Tb927.11.1090"
"Tb927.10.11250",1.35838951053042e-19,0.522096985721507,0.335,0.244,1.16672075059458e-15,"histone_EP_hi_GPEET_mid","Tb927.10.11250"
"Tb927.8.6370",8.02057995295419e-19,0.572435166234908,0.275,0.191,6.88887612159236e-15,"histone_EP_hi_GPEET_mid","Tb927.8.6370"
"Tb927.3.2020",9.18534876852802e-19,0.901335439182846,0.136,0.077,7.88929605728872e-15,"histone_EP_hi_GPEET_mid","Tb927.3.2020"
"Tb927.7.5160",2.02392586252083e-18,0.759689054934196,0.168,0.102,1.73834992331914e-14,"histone_EP_hi_GPEET_mid","Tb927.7.5160"
"Tb927.11.13110",4.32771435947362e-18,0.825093702365201,0.138,0.079,3.71707386335189e-14,"histone_EP_hi_GPEET_mid","Tb927.11.13110"
"Tb927.11.8060",4.53455730107785e-18,0.761852173816634,0.174,0.107,3.89473126589577e-14,"histone_EP_hi_GPEET_mid","Tb927.11.8060"
"Tb927.11.9540",5.87314390502134e-18,1.09959523947624,0.097,0.049,5.04444330002283e-14,"histone_EP_hi_GPEET_mid","Tb927.11.9540"
"Tb927.9.4900",6.10317899972062e-18,0.899876918561763,0.123,0.067,5.24202044286004e-14,"histone_EP_hi_GPEET_mid","Tb927.9.4900"
"Tb927.11.2710",6.39574818170213e-18,0.883753800692754,0.11,0.058,5.49330811326396e-14,"histone_EP_hi_GPEET_mid","Tb927.11.2710"
"Tb927.11.5640",3.28131449652339e-17,0.695014620826033,0.198,0.129,2.81832102106394e-13,"histone_EP_hi_GPEET_mid","Tb927.11.5640"
"Tb927.11.12150",3.36652525638242e-17,0.745318262126148,0.236,0.162,2.89150854270686e-13,"histone_EP_hi_GPEET_mid","Tb927.11.12150"
"Tb927.11.10800",6.98043485499931e-17,0.555555744805389,0.242,0.167,5.99549549695891e-13,"histone_EP_hi_GPEET_mid","Tb927.11.10800"
"Tb927.11.14800",7.98504322008525e-17,0.939240256390969,0.106,0.057,6.85835362173122e-13,"histone_EP_hi_GPEET_mid","Tb927.11.14800"
"Tb927.11.8220",1.16601613011487e-16,0.798420329583456,0.167,0.105,1.00149125415566e-12,"histone_EP_hi_GPEET_mid","Tb927.11.8220"
"Tb927.10.7920",1.41962534762069e-16,0.936120443514957,0.102,0.054,1.21931621107141e-12,"histone_EP_hi_GPEET_mid","Tb927.10.7920"
"Tb927.10.12720",3.21926292277436e-16,0.63198686954998,0.22,0.149,2.76502492437089e-12,"histone_EP_hi_GPEET_mid","Tb927.10.12720"
"Tb927.4.5110",5.16898614012905e-16,0.640034355720247,0.173,0.11,4.43964219575685e-12,"histone_EP_hi_GPEET_mid","Tb927.4.5110"
"Tb927.11.12070",5.52941316139355e-16,0.930905826961653,0.105,0.057,4.74921296432092e-12,"histone_EP_hi_GPEET_mid","Tb927.11.12070"
"Tb927.9.8670",1.13408896371003e-15,0.59441574404356,0.251,0.178,9.74069010930546e-12,"histone_EP_hi_GPEET_mid","Tb927.9.8670"
"Tb927.2.5000",1.52025719027021e-15,0.775329515686751,0.147,0.09,1.30574890072308e-11,"histone_EP_hi_GPEET_mid","Tb927.2.5000"
"Tb927.3.5010",1.79296433413247e-15,0.544844885723682,0.256,0.182,1.53997706658638e-11,"histone_EP_hi_GPEET_mid","Tb927.3.5010"
"Tb927.7.5480",1.99090340617602e-15,0.700544740206737,0.194,0.128,1.70998693556459e-11,"histone_EP_hi_GPEET_mid","Tb927.7.5480"
"Tb11.01.2730",2.47620093216044e-15,0.657425768752388,0.195,0.129,2.1268089806326e-11,"histone_EP_hi_GPEET_mid","Tb11.01.2730"
"Tb927.7.750",2.53360395386892e-14,0.624409359611965,0.137,0.083,2.17611243597801e-10,"histone_EP_hi_GPEET_mid","Tb927.7.750"
"Tb927.11.10300",3.61450062212828e-14,0.560892747814481,0.235,0.167,3.10449458434598e-10,"histone_EP_hi_GPEET_mid","Tb927.11.10300"
"Tb927.8.6980",3.77444950119737e-14,0.771502323323571,0.124,0.074,3.24187467657842e-10,"histone_EP_hi_GPEET_mid","Tb927.8.6980"
"Tb927.10.14320",4.70291842065996e-14,0.669859843692405,0.193,0.131,4.03933663150484e-10,"histone_EP_hi_GPEET_mid","Tb927.10.14320"
"Tb927.11.14850",4.79983726767667e-14,0.64577494775893,0.194,0.131,4.12258022920749e-10,"histone_EP_hi_GPEET_mid","Tb927.11.14850"
"Tb927.10.4200",8.956766374401e-14,0.775866623979034,0.137,0.085,7.69296663897302e-10,"histone_EP_hi_GPEET_mid","Tb927.10.4200"
"Tb927.7.7150",1.41983007300949e-13,0.769741211328127,0.125,0.076,1.21949204970785e-09,"histone_EP_hi_GPEET_mid","Tb927.7.7150"
"Tb927.1.3560",1.46699230655707e-13,0.661910709400365,0.182,0.123,1.25999969210186e-09,"histone_EP_hi_GPEET_mid","Tb927.1.3560"
"Tb927.11.6370",2.75644989100146e-13,0.54745872496538,0.247,0.18,2.36751481138116e-09,"histone_EP_hi_GPEET_mid","Tb927.11.6370"
"Tb927.10.3420",2.92544797898175e-13,0.628325305561837,0.147,0.094,2.51266726914742e-09,"histone_EP_hi_GPEET_mid","Tb927.10.3420"
"Tb927.8.560",3.80129144352925e-13,0.544869774992006,0.223,0.159,3.26492922084728e-09,"histone_EP_hi_GPEET_mid","Tb927.8.560"
"Tb927.8.7070",4.84669679122524e-13,0.746924484588247,0.133,0.083,4.16282787398336e-09,"histone_EP_hi_GPEET_mid","Tb927.8.7070"
"Tb927.10.6520",5.08842235927933e-13,0.807136426517085,0.104,0.06,4.37044596438502e-09,"histone_EP_hi_GPEET_mid","Tb927.10.6520"
"Tb927.11.14830",6.66571008902422e-13,0.669209711882478,0.129,0.079,5.7251783954629e-09,"histone_EP_hi_GPEET_mid","Tb927.11.14830"
"Tb927.9.11820",1.40648601054361e-12,0.642517317108955,0.14,0.089,1.20803083445591e-08,"histone_EP_hi_GPEET_mid","Tb927.9.11820"
"Tb927.10.13290",1.57542800286416e-12,0.755188222072789,0.126,0.078,1.35313511166002e-08,"histone_EP_hi_GPEET_mid","Tb927.10.13290"
"Tb927.10.7690",1.97829793516093e-12,0.551269553524637,0.19,0.132,1.69916009650972e-08,"histone_EP_hi_GPEET_mid","Tb927.10.7690"
"Tb927.5.2325",2.30943815907698e-12,0.574677934642944,0.168,0.112,1.98357643483122e-08,"histone_EP_hi_GPEET_mid","Tb927.5.2325"
"Tb927.4.1320",2.60999542043031e-12,0.707538853887298,0.134,0.085,2.24172506660759e-08,"histone_EP_hi_GPEET_mid","Tb927.4.1320"
"Tb927.10.3400",3.69238947308647e-12,0.671838284948129,0.123,0.076,3.17139331843397e-08,"histone_EP_hi_GPEET_mid","Tb927.10.3400"
"Tb927.3.2330",4.44007235622711e-12,0.656547542596574,0.13,0.082,3.81357814676346e-08,"histone_EP_hi_GPEET_mid","Tb927.3.2330"
"Tb927.10.4580",8.09461307745523e-12,0.726321079643041,0.139,0.091,6.95246317222629e-08,"histone_EP_hi_GPEET_mid","Tb927.10.4580"
"Tb927.7.4370",8.97288551206858e-12,0.66375380446523,0.12,0.075,7.7068113663157e-08,"histone_EP_hi_GPEET_mid","Tb927.7.4370"
"Tb927.3.3110",1.00208018096175e-11,0.550014314485345,0.18,0.125,8.60686667428044e-08,"histone_EP_hi_GPEET_mid","Tb927.3.3110"
"Tb927.10.12180",1.05246654001617e-11,0.923808722019907,0.081,0.045,9.03963511219892e-08,"histone_EP_hi_GPEET_mid","Tb927.10.12180"
"Tb927.10.15730",1.24754900654624e-11,0.566667758433406,0.19,0.134,1.07151984172256e-07,"histone_EP_hi_GPEET_mid","Tb927.10.15730"
"Tb927.11.8860",1.29021862237606e-11,0.701133387758243,0.121,0.076,1.1081687747588e-07,"histone_EP_hi_GPEET_mid","Tb927.11.8860"
"Tb927.10.250",1.7644997084592e-11,0.767617649237725,0.095,0.055,1.51552879959561e-07,"histone_EP_hi_GPEET_mid","Tb927.10.250"
"Tb927.11.5680",2.07485257158026e-11,0.556840193499016,0.213,0.156,1.78209087373028e-07,"histone_EP_hi_GPEET_mid","Tb927.11.5680"
"Tb927.7.820",3.15210199569003e-11,0.529429039685566,0.16,0.108,2.70734040409816e-07,"histone_EP_hi_GPEET_mid","Tb927.7.820"
"Tb927.3.1180",4.31787928187795e-11,0.703729074829544,0.142,0.095,3.70862651520497e-07,"histone_EP_hi_GPEET_mid","Tb927.3.1180"
"Tb927.10.8240",4.52647115659612e-11,0.526183391616958,0.213,0.155,3.88778607640041e-07,"histone_EP_hi_GPEET_mid","Tb927.10.8240"
"Tb927.3.3530",6.2357495483306e-11,0.811865519079601,0.08,0.045,5.35588528706115e-07,"histone_EP_hi_GPEET_mid","Tb927.3.3530"
"Tb927.11.8140",6.67455865912136e-11,0.50688817286145,0.177,0.124,5.73277843231934e-07,"histone_EP_hi_GPEET_mid","Tb927.11.8140"
"Tb927.4.4180",7.44701784910108e-11,0.976835812139532,0.071,0.039,6.39624363059292e-07,"histone_EP_hi_GPEET_mid","Tb927.4.4180"
"Tb927.9.14300",1.05558299153967e-10,0.663293874618238,0.09,0.052,9.06640231433424e-07,"histone_EP_hi_GPEET_mid","Tb927.9.14300"
"Tb927.6.1920",1.12844214159608e-10,0.534784528226691,0.187,0.133,9.69218955416871e-07,"histone_EP_hi_GPEET_mid","Tb927.6.1920"
"Tb927.4.790",1.49897357771617e-10,0.711295809265,0.124,0.08,1.28746840590042e-06,"histone_EP_hi_GPEET_mid","Tb927.4.790"
"Tb927.10.1350",1.94007683876864e-10,0.824760131443638,0.103,0.064,1.66633199681838e-06,"histone_EP_hi_GPEET_mid","Tb927.10.1350"
"Tb927.8.4640",2.1380170682848e-10,0.574727761546381,0.164,0.114,1.83634285994982e-06,"histone_EP_hi_GPEET_mid","Tb927.8.4640"
"Tb927.8.3440",2.23465244884996e-10,0.898456254885757,0.071,0.039,1.91934298831723e-06,"histone_EP_hi_GPEET_mid","Tb927.8.3440"
"Tb927.9.2800",2.32272085207175e-10,0.562197419201,0.128,0.084,1.99498493984443e-06,"histone_EP_hi_GPEET_mid","Tb927.9.2800"
"Tb927.11.7440",2.54917442747929e-10,0.673675100678731,0.118,0.076,2.18948591576196e-06,"histone_EP_hi_GPEET_mid","Tb927.11.7440"
"Tb927.8.4870",2.7161637076547e-10,0.517696330770209,0.165,0.115,2.33291300850462e-06,"histone_EP_hi_GPEET_mid","Tb927.8.4870"
"Tb927.4.530",4.11624372322394e-10,0.629155345817029,0.137,0.092,3.53544173387704e-06,"histone_EP_hi_GPEET_mid","Tb927.4.530"
"Tb927.11.14450",4.68150598918665e-10,0.671681415752523,0.113,0.073,4.02094549411241e-06,"histone_EP_hi_GPEET_mid","Tb927.11.14450"
"Tb927.9.8240",4.90517769842033e-10,0.835022988592768,0.07,0.039,4.21305712517322e-06,"histone_EP_hi_GPEET_mid","Tb927.9.8240"
"Tb927.9.6110",4.99758357593942e-10,0.505804717357839,0.196,0.143,4.29242453337437e-06,"histone_EP_hi_GPEET_mid","Tb927.9.6110"
"Tb927.2.3930",1.07821810279937e-09,0.545495464538835,0.136,0.091,9.26081528494381e-06,"histone_EP_hi_GPEET_mid","Tb927.2.3930"
"Tb11.v5.0881",1.10714596373546e-09,0.747663963208285,0.078,0.046,9.50927668252383e-06,"histone_EP_hi_GPEET_mid","Tb11.v5.0881"
"Tb927.5.4340",1.2488416836632e-09,0.639006408882871,0.11,0.07,1.07263012209832e-05,"histone_EP_hi_GPEET_mid","Tb927.5.4340"
"Tb927.11.5410",1.68730402795144e-09,0.54893259401894,0.125,0.083,1.44922542960749e-05,"histone_EP_hi_GPEET_mid","Tb927.11.5410"
"Tb927.10.10340",3.41588983186396e-09,0.516051357796632,0.197,0.147,2.93390777658796e-05,"histone_EP_hi_GPEET_mid","Tb927.10.10340"
"Tb927.11.4690",5.01295606555888e-09,0.552985032103993,0.132,0.09,4.30562796470852e-05,"histone_EP_hi_GPEET_mid","Tb927.11.4690"
"Tb927.10.11130",5.95562942943968e-09,0.616120546073886,0.102,0.066,5.11529011694574e-05,"histone_EP_hi_GPEET_mid","Tb927.10.11130"
"Tb927.7.6250",7.99764386415563e-09,0.54626023870659,0.1,0.064,6.86917631492327e-05,"histone_EP_hi_GPEET_mid","Tb927.7.6250"
"Tb927.7.2290",9.51286168676875e-09,0.580369787725747,0.132,0.091,8.17059690276568e-05,"histone_EP_hi_GPEET_mid","Tb927.7.2290"
"Tb927.5.3460",1.16812274059221e-08,0.929070303760174,0.054,0.029,0.000100330062189465,"histone_EP_hi_GPEET_mid","Tb927.5.3460"
"Tb927.11.16140",1.41384805511825e-08,0.668729355633174,0.091,0.057,0.000121435409454107,"histone_EP_hi_GPEET_mid","Tb927.11.16140"
"Tb927.10.8390",1.62873521607289e-08,0.504932249219296,0.161,0.117,0.000139892067708501,"histone_EP_hi_GPEET_mid","Tb927.10.8390"
"Tb927.11.11975",1.74417148227898e-08,0.78379936682935,0.068,0.04,0.000149806888612942,"histone_EP_hi_GPEET_mid","Tb927.11.11975"
"Tb927.4.4130",1.91799582333387e-08,0.815867663810768,0.075,0.045,0.000164736661266146,"histone_EP_hi_GPEET_mid","Tb927.4.4130"
"Tb927.11.340",2.68580537858632e-08,0.639679166781568,0.097,0.063,0.000230683823966779,"histone_EP_hi_GPEET_mid","Tb927.11.340"
"Tb927.6.1210",3.24291505497479e-08,0.561360463243057,0.121,0.083,0.000278533974071784,"histone_EP_hi_GPEET_mid","Tb927.6.1210"
"Tb927.3.1240",3.54223763942758e-08,0.505506344183545,0.189,0.144,0.000304242790850435,"histone_EP_hi_GPEET_mid","Tb927.3.1240"
"Tb927.6.570",4.41323042190488e-08,0.700845189527447,0.076,0.047,0.00037905236093741,"histone_EP_hi_GPEET_mid","Tb927.6.570"
"Tb927.3.3170",4.72686671361971e-08,0.504654761819585,0.174,0.13,0.000405990582032797,"histone_EP_hi_GPEET_mid","Tb927.3.3170"
"Tb927.10.13890",5.5572268201906e-08,0.601404404955254,0.093,0.06,0.00047731021158617,"histone_EP_hi_GPEET_mid","Tb927.10.13890"
"Tb927.8.1900",7.30070331710275e-08,0.653224592601285,0.093,0.061,0.000627057407905955,"histone_EP_hi_GPEET_mid","Tb927.8.1900"
"Tb927.6.1710",1.78902220219466e-07,0.574710281072438,0.114,0.079,0.00153659116946499,"histone_EP_hi_GPEET_mid","Tb927.6.1710"
"Tb927.11.10520",2.62646005697472e-07,0.635135012879495,0.112,0.078,0.00225586654293558,"histone_EP_hi_GPEET_mid","Tb927.11.10520"
"Tb927.9.13140",4.58288360709195e-07,0.606911717668957,0.087,0.058,0.00393623873013127,"histone_EP_hi_GPEET_mid","Tb927.9.13140"
"Tb927.10.9390",5.15029415179876e-07,0.57468070980876,0.092,0.062,0.00442358764697996,"histone_EP_hi_GPEET_mid","Tb927.10.9390"
"Tb927.11.1100",1.11355209820134e-06,0.565149175500122,0.085,0.057,0.00956429897145131,"histone_EP_hi_GPEET_mid","Tb927.11.1100"
"Tb927.10.7050",1.15820061465147e-06,0.522487884721521,0.108,0.076,0.00994778507924151,"histone_EP_hi_GPEET_mid","Tb927.10.7050"
"Tb927.4.2260",1.29046219303842e-06,0.535505045472998,0.102,0.071,0.011083779776007,"histone_EP_hi_GPEET_mid","Tb927.4.2260"
"Tb927.5.3530",1.3683244748926e-06,0.603775259264139,0.086,0.058,0.0117525389148525,"histone_EP_hi_GPEET_mid","Tb927.5.3530"
"Tb927.10.2670",1.46851543709233e-06,0.601010094805119,0.089,0.06,0.012613079089186,"histone_EP_hi_GPEET_mid","Tb927.10.2670"
"Tb927.5.2900",1.51516551764304e-06,0.577776020305736,0.081,0.054,0.0130137566310361,"histone_EP_hi_GPEET_mid","Tb927.5.2900"
"Tb927.6.3330",2.41231612356561e-06,0.504189929840304,0.113,0.081,0.020719383185305,"histone_EP_hi_GPEET_mid","Tb927.6.3330"
"Tb927.11.15310",2.94592568740763e-06,0.55132512088454,0.106,0.075,0.0253025557291441,"histone_EP_hi_GPEET_mid","Tb927.11.15310"
"Tb927.10.3110",3.96193375744168e-06,0.603125437556072,0.067,0.043,0.0340290490426666,"histone_EP_hi_GPEET_mid","Tb927.10.3110"
"Tb927.1.2390",4.31260597599831e-226,0.592620115060103,0.999,0.984,3.70409727278495e-222,"EP_hi_GPEET_mid","Tb927.1.2390"
"Tb927.11.880",3.16141402763056e-222,0.783627857035291,0.981,0.93,2.71533850833189e-218,"EP_hi_GPEET_mid","Tb927.11.880"
"Tb927.9.5770",1.95199687762341e-122,0.875572869900208,0.79,0.609,1.67657011819075e-118,"EP_hi_GPEET_mid","Tb927.9.5770"
"Tb927.6.3740",3.22755236123444e-61,0.725147296612095,0.641,0.498,2.77214472306426e-57,"EP_hi_GPEET_mid","Tb927.6.3740"
"Tb927.10.4560",5.56749870792455e-41,0.606365501500775,0.659,0.542,4.7819246402364e-37,"EP_hi_GPEET_mid","Tb927.10.4560"
"Tb927.11.6590",3.01048569282816e-36,0.500085821821428,0.703,0.605,2.58570616157011e-32,"EP_hi_GPEET_mid","Tb927.11.6590"
"Tb927.6.3800",3.04595294862212e-30,0.510370080864606,0.597,0.492,2.61616898757154e-26,"EP_hi_GPEET_mid","Tb927.6.3800"
"Tb927.9.5860",9.41737700350904e-29,0.599204545166078,0.525,0.414,8.08858510831391e-25,"EP_hi_GPEET_mid","Tb927.9.5860"
"Tb927.11.3980",1.11138450741117e-26,0.509253971374412,0.584,0.486,9.54568153415453e-23,"EP_hi_GPEET_mid","Tb927.11.3980"
"Tb927.7.7430",1.91985575911202e-26,0.606123775025417,0.478,0.371,1.64896411150132e-22,"EP_hi_GPEET_mid","Tb927.7.7430"
"Tb11.v5.07451",9.19715132456157e-25,0.803635228648515,0.28,0.185,7.89943327266594e-21,"EP_hi_GPEET_mid","Tb11.v5.0745"
"Tb927.10.15180",2.20717858632338e-22,0.52745483708105,0.519,0.427,1.89574568779315e-18,"EP_hi_GPEET_mid","Tb927.10.15180"
"Tb927.7.220",4.91479411074704e-18,0.66407921230424,0.266,0.187,4.22131666172063e-14,"EP_hi_GPEET_mid","Tb927.7.220"
"Tb927.10.10830",5.58880884236972e-16,0.805976112578985,0.171,0.108,4.80022791471135e-12,"EP_hi_GPEET_mid","Tb927.10.10830"
"Tb927.10.13600",3.48173873645246e-15,0.792952540906124,0.173,0.112,2.99046540073902e-11,"EP_hi_GPEET_mid","Tb927.10.13600"
"Tb927.9.8880",4.0105081915608e-15,0.515575936773907,0.407,0.329,3.44462548573157e-11,"EP_hi_GPEET_mid","Tb927.9.8880"
"Tb1.NT.25",4.33646774361253e-15,0.709282501425074,0.184,0.121,3.72459214498880e-11,"EP_hi_GPEET_mid","Tb1.NT.25"
"Tb927.10.4760",3.25720699285648e-12,0.614575076030544,0.235,0.171,2.79761508616443e-08,"EP_hi_GPEET_mid","Tb927.10.4760"
"Tb927.11.9640",1.24011553120078e-11,0.535966538693557,0.275,0.21,1.06513522974835e-07,"EP_hi_GPEET_mid","Tb927.11.9640"
"Tb927.11.14430",1.6087256729731e-11,0.549170222508338,0.253,0.189,1.3817344805166e-07,"EP_hi_GPEET_mid","Tb927.11.14430"
"Tb927.11.16080",1.45795332651244e-10,0.665055618226532,0.189,0.136,1.25223611214153e-06,"EP_hi_GPEET_mid","Tb927.11.16080"
"Tb927.6.5140",2.3839014671666e-10,0.674148381618047,0.169,0.12,2.04753297014939e-06,"EP_hi_GPEET_mid","Tb927.6.5140"
"Tb927.5.2320",3.7934474140791e-09,0.51134020487679,0.258,0.202,3.25819198395254e-05,"EP_hi_GPEET_mid","Tb927.5.2320"
"Tb927.9.6450",4.22524549768328e-09,0.614410283097603,0.156,0.11,3.62906335796017e-05,"EP_hi_GPEET_mid","Tb927.9.6450"
"Tb927.10.14020",6.27131156748896e-09,0.617237967376062,0.144,0.1,5.38642950531627e-05,"EP_hi_GPEET_mid","Tb927.10.14020"
"Tb927.11.16020",7.40540076614245e-09,0.511867680671534,0.142,0.097,6.36049871803975e-05,"EP_hi_GPEET_mid","Tb927.11.16020"
"Tb927.4.1770",9.75584693981697e-09,0.602512161952251,0.207,0.158,8.3792969366088e-05,"EP_hi_GPEET_mid","Tb927.4.1770"
"Tb927.3.5320",1.00354730439145e-08,0.692231478205126,0.125,0.085,8.61946779741812e-05,"EP_hi_GPEET_mid","Tb927.3.5320"
"Tb927.10.8360",1.90769540602363e-08,0.681292882799431,0.115,0.077,0.000163851958423369,"EP_hi_GPEET_mid","Tb927.10.8360"
"Tb927.11.4780",2.85571538923323e-08,0.614343118152378,0.191,0.143,0.000245277394781242,"EP_hi_GPEET_mid","Tb927.11.4780"
"Tb927.4.3480",9.75756652365696e-08,0.665465679235647,0.108,0.073,0.000838077388716896,"EP_hi_GPEET_mid","Tb927.4.3480"
"Tb927.1.2770",1.46043852772559e-07,0.802913503237735,0.069,0.042,0.00125437065146351,"EP_hi_GPEET_mid","Tb927.1.2770"
"Tb927.3.3670",1.63951065553324e-07,0.55460859449294,0.146,0.106,0.0014081757020375,"EP_hi_GPEET_mid","Tb927.3.3670"
"Tb927.11.6501",1.67431292208732e-07,0.813076985422364,0.063,0.038,0.0014380673687808,"EP_hi_GPEET_mid","Tb927.11.650"
"Tb927.7.6410",2.10816632571835e-07,0.600821291785568,0.159,0.119,0.0018107040571595,"EP_hi_GPEET_mid","Tb927.7.6410"
"Tb927.7.1280",3.15137998644144e-07,0.526352814977508,0.166,0.125,0.00270672027035455,"EP_hi_GPEET_mid","Tb927.7.1280"
"Tb927.9.11220",3.39312211926293e-07,0.537465778105733,0.198,0.155,0.00291435258823493,"EP_hi_GPEET_mid","Tb927.9.11220"
"Tb927.11.3190",3.78983568682056e-07,0.504271564618969,0.172,0.131,0.00325508987141018,"EP_hi_GPEET_mid","Tb927.11.3190"
"Tb927.4.2540",3.82809667661285e-07,0.513419953675537,0.168,0.126,0.00328795223554277,"EP_hi_GPEET_mid","Tb927.4.2540"
"Tb927.11.2200",5.27439666779121e-07,0.63888528434321,0.078,0.05,0.00453017929796587,"EP_hi_GPEET_mid","Tb927.11.2200"
"Tb927.10.5490",6.5397214090811e-07,0.506808865526266,0.156,0.116,0.00561696671825976,"EP_hi_GPEET_mid","Tb927.10.5490"
"Tb927.9.8760",1.13783307102553e-06,0.549817122575615,0.163,0.125,0.00977284824703827,"EP_hi_GPEET_mid","Tb927.9.8760"
"Tb927.6.4330",1.53133865359803e-06,0.554800755902491,0.112,0.079,0.0131526676957535,"EP_hi_GPEET_mid","Tb927.6.4330"
"Tb927.11.6780",1.84796561620303e-06,0.568394214020255,0.087,0.059,0.0158721766775678,"EP_hi_GPEET_mid","Tb927.11.6780"
"Tb927.11.640",3.70169330697885e-06,0.6072384466078,0.099,0.069,0.0317938438136413,"EP_hi_GPEET_mid","Tb927.11.640"
"Tb927.11.14480",3.77961655659807e-06,0.706841147349927,0.099,0.07,0.0324631266046208,"EP_hi_GPEET_mid","Tb927.11.14480"
"Tb927.11.1750",4.20105872116672e-06,0.537469088202791,0.127,0.094,0.0360828933561009,"EP_hi_GPEET_mid","Tb927.11.1750"
"Tb927.10.10210",0,4.75333307033082,0.519,0.036,0,"late_RBP6_PAG","Tb927.10.10210"
"Tb927.10.10230",0,4.56882162920473,0.527,0.044,0,"late_RBP6_PAG","Tb927.10.10230"
"Tb927.10.10220",5.41341369559443e-308,4.31259494641967,0.562,0.061,4.64958102314606e-304,"late_RBP6_PAG","Tb927.10.10220"
"Tb927.10.10240",1.04169407629673e-115,3.2860935348989,0.298,0.042,8.9471104213126e-112,"late_RBP6_PAG","Tb927.10.10240"
"Tb927.10.7160",4.7269726862197e-115,3.85287278411165,0.211,0.021,4.0599968401941e-111,"late_RBP6_PAG","Tb927.10.7160"
"Tb08.27P2.110",8.7756038875083e-75,3.48624139284619,0.158,0.018,7.53736617898088e-71,"late_RBP6_PAG","Tb08.27P2.110"
"Tb927.6.540",3.65191170505932e-69,3.58309772465085,0.209,0.034,3.13662696347545e-65,"late_RBP6_PAG","Tb927.6.540"
"Tb927.8.480",8.80938172662396e-62,2.96010589973252,0.198,0.034,7.56637796499732e-58,"late_RBP6_PAG","Tb927.8.480"
"Tb927.10.10250",2.55187432074371e-55,1.20362670613339,0.939,0.786,2.19180485408677e-51,"late_RBP6_PAG","Tb927.10.10250"
"Tb927.10.10200",4.99352339264507e-45,2.19893301789129,0.313,0.097,4.28893724194285e-41,"late_RBP6_PAG","Tb927.10.10200"
"Tb927.6.550",2.06910466417788e-44,5.1874553863658,0.074,0.007,1.77715399606238e-40,"late_RBP6_PAG","Tb927.6.550"
"Tb09.v4.0064",7.73142880203262e-36,2.98506015989956,0.102,0.015,6.64052419806582e-32,"late_RBP6_PAG","Tb09.v4.0064"
"Tb11.v5.1061",5.15332806006363e-30,1.01399552374948,0.817,0.668,4.42619347078865e-26,"late_RBP6_PAG","Tb11.v5.1061"
"Tb927.8.490",2.1567603864802e-28,1.66763616280821,0.305,0.121,1.85244149594784e-24,"late_RBP6_PAG","Tb927.8.490"
"Tb11.v5.0448",5.30764819549814e-25,2.18887582907572,0.176,0.053,4.55873903511335e-21,"late_RBP6_PAG","Tb11.v5.0448"
"Tb927.9.650",6.13677211697564e-25,3.73012052096954,0.053,0.006,5.27087357127038e-21,"late_RBP6_PAG","Tb927.9.650"
"Tb08.27P2.90",1.32840102302759e-23,1.28819960088975,0.509,0.301,1.1409636386784e-19,"late_RBP6_PAG","Tb08.27P2.90"
"Tb927.7.6880",7.93808843048927e-20,2.80162512701127,0.059,0.009,6.81802415294723e-16,"late_RBP6_PAG","Tb927.7.6880"
"Tb11.v5.1004",1.29697872876061e-15,2.40172055188412,0.092,0.025,1.11397503013249e-11,"late_RBP6_PAG","Tb11.v5.1004"
"Tb927.9.14930",9.80471704625294e-15,1.22508891261422,0.234,0.11,8.42127147102665e-11,"late_RBP6_PAG","Tb927.9.14930"
"Tb08.27P2.70",1.85572950476763e-14,1.40620156613522,0.183,0.077,1.59388607164492e-10,"late_RBP6_PAG","Tb08.27P2.70"
"Tb927.9.7960",2.2517900630096e-12,2.63268003141752,0.053,0.012,1.93406248511895e-08,"late_RBP6_PAG","Tb927.9.7960"
"Tb927.11.4100",2.48162331767085e-12,1.58493233289368,0.097,0.031,2.13146626754749e-08,"late_RBP6_PAG","Tb927.11.4100"
"Tb927.2.2015",1.32371271588015e-11,1.77031436377904,0.094,0.031,1.13693685166946e-07,"late_RBP6_PAG","Tb927.2.2015"
"Tb927.9.6760",4.54842786523688e-11,1.55422559246909,0.104,0.038,3.90664469345196e-07,"late_RBP6_PAG","Tb927.9.6760"
"Tb927.1.4890",4.95701442087324e-11,2.34954715413798,0.064,0.018,4.25757968608803e-07,"late_RBP6_PAG","Tb927.1.4890"
"Tb927.11.17870",8.95921642323641e-11,1.269815963971,0.13,0.053,7.69507098591775e-07,"late_RBP6_PAG","Tb927.11.17870"
"Tb927.1.4900",1.0489796252522e-10,1.74226168271498,0.084,0.028,9.00968600129113e-07,"late_RBP6_PAG","Tb927.1.4900"
"Tb11.v5.0731",6.77008413274286e-10,1.73989807735155,0.104,0.041,5.81482526161284e-06,"late_RBP6_PAG","Tb11.v5.0731"
"Tb11.v5.0627",8.6619255768328e-10,1.6017558296674,0.087,0.031,7.43972787794169e-06,"late_RBP6_PAG","Tb11.v5.0627"
"Tb927.10.14210",9.97703485836173e-10,1.19151936656926,0.173,0.085,8.56927523984689e-06,"late_RBP6_PAG","Tb927.10.14210"
"Tb08.27P2.60",1.01303898302077e-09,1.33770230037863,0.145,0.067,8.70099182516538e-06,"late_RBP6_PAG","Tb08.27P2.60"
"Tb927.4.3290",6.90523788118131e-09,2.07758444585973,0.059,0.018,5.93090881614663e-05,"late_RBP6_PAG","Tb927.4.3290"
"Tb927.2.5660",1.37022273984079e-08,0.93353834268663,0.504,0.381,0.000117688431124926,"late_RBP6_PAG","Tb927.2.5660"
"Tb927.7.6855",1.44907429479921e-08,0.987730273398338,0.293,0.182,0.000124460991180305,"late_RBP6_PAG","Tb927.7.6855"
"Tb927.1.2150",1.53316346426631e-08,1.07241660735515,0.242,0.144,0.000131683409945834,"late_RBP6_PAG","Tb927.1.2150"
"Tb927.6.3240",2.16581531853984e-08,1.04702374875452,0.16,0.081,0.000186021877709387,"late_RBP6_PAG","Tb927.6.3240"
"Tb927.7.160",3.5141962833516e-08,1.21671640366601,0.122,0.056,0.000301834318777069,"late_RBP6_PAG","Tb927.7.160"
"Tb927.4.210",3.92467201384188e-08,0.689057528221707,0.361,0.241,0.000337090079268879,"late_RBP6_PAG","Tb927.4.210"
"Tb927.9.10360",4.00985460669274e-08,1.16608165495199,0.15,0.076,0.00034440641216884,"late_RBP6_PAG","Tb927.9.10360"
"Tb927.11.1470",1.41908046231028e-07,0.945011203232015,0.196,0.111,0.0012188482090783,"late_RBP6_PAG","Tb927.11.1470"
"Tb927.9.13290",2.69319011367581e-07,1.27110713786559,0.125,0.061,0.00231318098863615,"late_RBP6_PAG","Tb927.9.13290"
"Tb10.v4.0214",2.7817785322249e-07,1.55205799389432,0.059,0.02,0.00238926958132797,"late_RBP6_PAG","Tb10.v4.0214"
"Tb927.7.7520",3.29897966268017e-07,1.07962710207072,0.122,0.059,0.002833493632276,"late_RBP6_PAG","Tb927.7.7520"
"Tb927.2.2060",3.5726173825467e-07,1.09227365882633,0.145,0.075,0.00306852106986936,"late_RBP6_PAG","Tb927.2.2060"
"Tb11.01.6250",3.63910321162512e-07,1.79769489645553,0.059,0.021,0.00312562574846481,"late_RBP6_PAG","Tb11.01.6250"
"Tb927.10.7940",4.4794271185381e-07,1.20589286571753,0.13,0.065,0.00384737995211237,"late_RBP6_PAG","Tb927.10.7940"
"Tb927.1.60",5.73032392652015e-07,0.538856425296226,0.496,0.388,0.00492177522048816,"late_RBP6_PAG","Tb927.1.60"
"Tb05.5K5.270",5.85561646013466e-07,1.37835733804953,0.084,0.035,0.00502938897760966,"late_RBP6_PAG","Tb05.5K5.270"
"Tb927.10.2330",5.94947782206339e-07,0.858495373805199,0.186,0.106,0.00511000650137024,"late_RBP6_PAG","Tb927.10.2330"
"Tb927.1.5060",1.35857218965573e-06,0.998192739823353,0.191,0.114,0.0116687765369531,"late_RBP6_PAG","Tb927.1.5060"
"Tb927.5.1400",1.45076894128351e-06,1.49539844770573,0.081,0.035,0.0124606544366841,"late_RBP6_PAG","Tb927.5.1400"
"Tb08.27P2.80",1.97294332418769e-06,0.958975106419555,0.168,0.097,0.0169456102114481,"late_RBP6_PAG","Tb08.27P2.80"
"Tb927.7.6940",2.06313759077417e-06,0.99390884114865,0.158,0.088,0.0177202887671593,"late_RBP6_PAG","Tb927.7.6940"
"Tb927.9.13100",2.07011708874845e-06,0.916089717926174,0.186,0.11,0.0177802356752605,"late_RBP6_PAG","Tb927.9.13100"
"Tb927.4.950",3.20047570441877e-06,1.41269447160611,0.079,0.034,0.0274888858252528,"late_RBP6_PAG","Tb927.4.950"
"Tb927.4.4720",3.53104995955308e-06,1.39877833615111,0.076,0.033,0.0303281881026014,"late_RBP6_PAG","Tb927.4.4720"
"Tb927.8.2850",3.59697749176327e-06,1.00295662588701,0.181,0.109,0.0308944396767547,"late_RBP6_PAG","Tb927.8.2850"
"Tb927.2.11301",3.71566850493114e-06,0.551888405701104,0.366,0.262,0.0319138767888535,"late_RBP6_PAG","Tb927.2.1130"
"Tb927.5.610",3.75952594632577e-06,0.534825304049288,0.399,0.299,0.032290568352992,"late_RBP6_PAG","Tb927.5.610"
"Tb927.11.7550",4.34671584452374e-06,0.928948708788533,0.181,0.108,0.0373339423886144,"late_RBP6_PAG","Tb927.11.7550"
"Tb927.4.730",5.13777912771031e-06,0.951447730854201,0.127,0.068,0.0441283849279038,"late_RBP6_PAG","Tb927.4.730"
"Tb927.5.1800",5.62348437873829e-06,0.765551106731693,0.214,0.134,0.0483001073289832,"late_RBP6_PAG","Tb927.5.1800"
"Tb927.10.2010",0,4.60689546528244,0.954,0.189,0,"early_Procyclics","Tb927.10.2010"
"Tb927.6.510",2.25118226629251e-217,3.75319717695662,0.991,0.626,1.93354044851864e-213,"early_Procyclics","Tb927.6.510"
"Tb927.10.12780",1.65355694852686e-179,2.98625567532332,0.731,0.18,1.42024006308972e-175,"early_Procyclics","Tb927.10.12780"
"Tb927.11.4700",4.15981228150199e-139,2.51032979661037,0.777,0.265,3.57286276858206e-135,"early_Procyclics","Tb927.11.4700"
"Tb927.6.2790",5.33737411744971e-106,1.76325852753534,0.92,0.6,4.58427062947756e-102,"early_Procyclics","Tb927.6.2790"
"Tb927.4.49401",2.20745856503835e-99,2.63117362331133,0.55,0.157,1.89598616151144e-95,"early_Procyclics","Tb927.4.4940"
"Tb927.9.11600",8.13813253275654e-93,1.35700982919027,0.968,0.805,6.98984203238459e-89,"early_Procyclics","Tb927.9.11600"
"Tb927.1.2260",1.27482360186916e-88,1.26578100281712,0.968,0.859,1.09494599164543e-84,"early_Procyclics","Tb927.1.2260"
"Tb927.2.4210",3.99488656275311e-80,1.60218909963391,0.848,0.549,3.43120806874865e-76,"early_Procyclics","Tb927.2.4210"
"Tb927.10.8510",1.8877408875358e-78,2.20208302177219,0.582,0.209,1.6213806483045e-74,"early_Procyclics","Tb927.10.8510"
"Tb927.9.5900",6.48376541837946e-68,1.01504109205115,0.966,0.875,5.56890611784612e-64,"early_Procyclics","Tb927.9.5900"
"Tb927.1.2100",1.15645734630657e-63,1.51554576480568,0.788,0.507,9.93281214742714e-60,"early_Procyclics","Tb927.1.2100"
"Tb927.10.7090",6.02551971616844e-58,1.3165469089109,0.842,0.587,5.17531888421708e-54,"early_Procyclics","Tb927.10.7090"
"Tb927.10.8530",3.9268929052915e-57,1.44401063810358,0.797,0.497,3.37280831635487e-53,"early_Procyclics","Tb927.10.8530"
"Tb927.10.15410",2.31901695043691e-54,0.836860887654884,0.974,0.887,1.99180365873026e-50,"early_Procyclics","Tb927.10.15410"
"Tb927.7.2980",2.90295450572457e-49,1.46379740191498,0.685,0.391,2.49334762496683e-45,"early_Procyclics","Tb927.7.2980"
"Tb11.v5.0632",1.0505316561578e-48,0.679604612286246,0.997,0.994,9.02301639473937e-45,"early_Procyclics","Tb11.v5.0632"
"Tb11.v5.0153",3.79549767597103e-46,1.55381113753128,0.639,0.352,3.25995295389152e-42,"early_Procyclics","Tb11.v5.0153"
"Tb927.11.2690",4.23090261438805e-46,0.975580388136729,0.894,0.763,3.63392225549789e-42,"early_Procyclics","Tb927.11.2690"
"Tb927.10.10000",1.83516887357877e-45,1.16944631998673,0.808,0.561,1.57622654551681e-41,"early_Procyclics","Tb927.10.10000"
"Tb927.7.59701",9.27966291522907e-41,1.74552611502668,0.458,0.195,7.97030247789025e-37,"early_Procyclics","Tb927.7.5970"
"12S-rRNA",2.23057561147183e-39,0.560608789293531,0.991,0.991,1.91584139269316e-35,"early_Procyclics","12S-rRNA"
"Tb927.11.9730",5.11391549507339e-37,0.76920800787895,0.926,0.839,4.39234201871854e-33,"early_Procyclics","Tb927.11.9730"
"Tb927.5.2260",9.15092366192876e-37,2.2575070982961,0.244,0.068,7.85972833323061e-33,"early_Procyclics","Tb927.5.2260"
"Tb927.6.15201",2.25591667809839e-36,0.728144276206109,0.928,0.826,1.93760683481871e-32,"early_Procyclics","Tb927.6.1520"
"Tb927.7.5940",5.28772851550323e-36,0.718442290329216,0.948,0.85,4.54163002196572e-32,"early_Procyclics","Tb927.7.5940"
"Tb927.9.4960",7.86905455090834e-36,1.04111616327952,0.819,0.623,6.75873095377518e-32,"early_Procyclics","Tb927.9.4960"
"Tb927.5.810",1.71188902645113e-34,0.527246010121106,0.983,0.959,1.47034148481887e-30,"early_Procyclics","Tb927.5.810"
"Tb927.10.7410",4.65891855732798e-34,0.88084180025879,0.857,0.7,4.001545148889e-30,"early_Procyclics","Tb927.10.7410"
"Tb927.8.54401",1.76599541778646e-32,2.25979866338443,0.229,0.067,1.51681346433679e-28,"early_Procyclics","Tb927.8.5440"
"Tb927.9.57701",4.23230385600108e-32,0.97070276605783,0.802,0.638,3.63512578191933e-28,"early_Procyclics","Tb927.9.5770"
"Tb11.v5.1011",4.14832142956627e-31,0.843128151798252,0.877,0.768,3.56299327585447e-27,"early_Procyclics","Tb11.v5.1011"
"Tb927.10.128501",1.70562667249529e-30,0.668964758296268,0.903,0.81,1.46496274900621e-26,"early_Procyclics","Tb927.10.12850"
"Tb927.10.3280",2.02100063844626e-29,0.77392999987108,0.885,0.772,1.7358374483615e-25,"early_Procyclics","Tb927.10.3280"
"Tb927.5.1610",2.56101791118178e-29,0.781866323717503,0.891,0.8,2.19965828391403e-25,"early_Procyclics","Tb927.5.1610"
"Tb927.4.1860",5.40871157964153e-29,0.609769868683578,0.917,0.878,4.64554237575411e-25,"early_Procyclics","Tb927.4.1860"
"Tb927.10.12840",1.06588854490579e-28,0.792469893380149,0.842,0.737,9.15491671219582e-25,"early_Procyclics","Tb927.10.12840"
"Tb927.3.5050",8.88208088668213e-28,0.649060154658599,0.917,0.832,7.62881927357129e-24,"early_Procyclics","Tb927.3.5050"
"Tb927.8.6180",1.25334008442214e-27,0.886929629434772,0.84,0.703,1.07649379851017e-23,"early_Procyclics","Tb927.8.6180"
"Tb927.8.1110",3.02602443480978e-27,0.792417750065645,0.845,0.73,2.59905238705812e-23,"early_Procyclics","Tb927.8.1110"
"Tb927.10.7340",4.80092785458892e-27,1.12850888466017,0.711,0.517,4.12351693430643e-23,"early_Procyclics","Tb927.10.7340"
"Tb927.5.2160",1.91928231179795e-26,1.66878560691362,0.338,0.146,1.64847157760326e-22,"early_Procyclics","Tb927.5.2160"
"Tb927.3.590",4.05685339400694e-26,1.86125578684463,0.278,0.105,3.48443138011256e-22,"early_Procyclics","Tb927.3.590"
"Tb927.10.8520",2.68854616747981e-25,2.57741891879935,0.109,0.022,2.30919230324841e-21,"early_Procyclics","Tb927.10.8520"
"Tb927.7.1040",4.10087521481865e-25,1.03355304214107,0.656,0.464,3.52224172200774e-21,"early_Procyclics","Tb927.7.1040"
"Tb927.10.1080",2.00555654486801e-24,1.19943376336603,0.553,0.336,1.72257251638713e-20,"early_Procyclics","Tb927.10.1080"
"Tb927.11.6600",3.13141474418793e-24,1.23950545566866,0.542,0.341,2.68957212378301e-20,"early_Procyclics","Tb927.11.6600"
"Tb927.10.6370",6.00741797700959e-24,1.09847044943516,0.642,0.432,5.15977130045353e-20,"early_Procyclics","Tb927.10.6370"
"Tb927.9.58601",9.8023701636912e-24,1.01233532697861,0.625,0.429,8.41925573359438e-20,"early_Procyclics","Tb927.9.5860"
"Tb927.10.560",6.74393178083851e-23,0.841333673264627,0.774,0.615,5.7923630065622e-19,"early_Procyclics","Tb927.10.560"
"Tb927.7.7470",7.07618907365559e-23,1.67053554814368,0.321,0.145,6.07773879536278e-19,"early_Procyclics","Tb927.7.7470"
"Tb927.11.3230",8.29699724370822e-23,0.933504968291204,0.696,0.518,7.12629093262099e-19,"early_Procyclics","Tb927.11.3230"
"Tb927.2.5910",1.55693519206064e-22,1.00756315349232,0.693,0.516,1.33725163646089e-18,"early_Procyclics","Tb927.2.5910"
"Tb927.8.7740",2.34047999676757e-22,1.37853120303752,0.381,0.189,2.01023826922367e-18,"early_Procyclics","Tb927.8.7740"
"Tb927.4.2180",2.84651231015195e-22,0.936985839499757,0.705,0.536,2.44486942318951e-18,"early_Procyclics","Tb927.4.2180"
"Tb927.7.4060",6.10844002832882e-22,1.34906377274611,0.473,0.269,5.24653914033162e-18,"early_Procyclics","Tb927.7.4060"
"Tb927.10.2360",6.27712160381955e-22,0.963796343937733,0.633,0.45,5.39141974552061e-18,"early_Procyclics","Tb927.10.2360"
"Tb927.3.4360",1.31772462734937e-21,1.19782708263614,0.519,0.322,1.13179368243038e-17,"early_Procyclics","Tb927.3.4360"
"Tb927.6.4690",1.98333604033035e-21,0.938969962089926,0.685,0.497,1.70348732503974e-17,"early_Procyclics","Tb927.6.4690"
"Tb927.9.5690",2.03449114012721e-21,0.950899928346907,0.676,0.496,1.74742444025526e-17,"early_Procyclics","Tb927.9.5690"
"Tb927.11.6500",2.21961858757978e-21,0.897710224866423,0.713,0.537,1.90643040487227e-17,"early_Procyclics","Tb927.11.6500"
"Tb927.10.4570",2.59130139310605e-21,0.520174227228245,0.966,0.917,2.22566876653878e-17,"early_Procyclics","Tb927.10.4570"
"Tb927.10.1100",3.55753958036887e-21,0.828360495575934,0.765,0.634,3.05557074557882e-17,"early_Procyclics","Tb927.10.1100"
"Tb11.v5.0456",3.74991037624875e-21,1.11787762796806,0.582,0.387,3.22079802216005e-17,"early_Procyclics","Tb11.v5.0456"
"Tb927.10.11390",6.09095452349787e-21,0.631391879362614,0.84,0.734,5.23152084023232e-17,"early_Procyclics","Tb927.10.11390"
"Tb927.8.3530",7.65409391017856e-21,0.754047937608691,0.739,0.575,6.57410125945237e-17,"early_Procyclics","Tb927.8.3530"
"Tb927.6.5120",8.82836811440963e-21,1.24507206367725,0.533,0.341,7.58268537346644e-17,"early_Procyclics","Tb927.6.5120"
"Tb927.10.1090",1.89949787918396e-20,1.04607724308993,0.619,0.444,1.63147872843111e-16,"early_Procyclics","Tb927.10.1090"
"Tb927.11.11230",5.43363437227532e-20,1.00806789294822,0.642,0.489,4.66694856234727e-16,"early_Procyclics","Tb927.11.11230"
"Tb927.10.190",9.61587107089958e-20,0.96170891581166,0.659,0.482,8.25907166279565e-16,"early_Procyclics","Tb927.10.190"
"Tb927.6.720",1.10414897949694e-19,0.93058208748183,0.691,0.529,9.4835355848992e-16,"early_Procyclics","Tb927.6.720"
"Tb927.6.5040",1.41850839527058e-19,0.777721325994082,0.719,0.573,1.2183568606979e-15,"early_Procyclics","Tb927.6.5040"
"Tb927.9.11380",1.54016811767935e-19,1.23026587429161,0.427,0.237,1.32285039627479e-15,"early_Procyclics","Tb927.9.11380"
"Tb927.11.15950",1.65137216819648e-19,0.653127071754772,0.819,0.698,1.41836355526395e-15,"early_Procyclics","Tb927.11.15950"
"Tb927.4.3500",1.88086371814624e-19,1.26409479010839,0.372,0.194,1.61547384751581e-15,"early_Procyclics","Tb927.4.3500"
"Tb11.v5.0783",2.39580078071521e-19,1.66296093402252,0.258,0.11,2.05775329055629e-15,"early_Procyclics","Tb11.v5.0783"
"Tb927.10.5460",2.73655808247355e-19,1.17420365435158,0.527,0.341,2.35042973703653e-15,"early_Procyclics","Tb927.10.5460"
"Tb927.11.9720",4.88306166586645e-19,0.849652290639067,0.725,0.576,4.19406166481269e-15,"early_Procyclics","Tb927.11.9720"
"Tb927.11.8200",4.96793449905845e-19,0.643191649856848,0.837,0.74,4.2669589412413e-15,"early_Procyclics","Tb927.11.8200"
"Tb927.10.5030",5.25115696661537e-19,0.918963068728333,0.656,0.498,4.51021871862594e-15,"early_Procyclics","Tb927.10.5030"
"Tb927.7.1050",5.67418622898727e-19,0.954974506600833,0.648,0.478,4.87355855207716e-15,"early_Procyclics","Tb927.7.1050"
"Tb927.8.5260",6.69067102931518e-19,0.912877641562144,0.668,0.507,5.74661734707881e-15,"early_Procyclics","Tb927.8.5260"
"Tb927.10.14580",7.2975073125478e-19,0.739626543816481,0.791,0.654,6.26782903074731e-15,"early_Procyclics","Tb927.10.14580"
"Tb927.11.10160",8.35049320871918e-19,1.06420668118857,0.61,0.444,7.1722386169689e-15,"early_Procyclics","Tb927.11.10160"
"Tb927.11.11725",8.76313931560717e-19,1.06666982842093,0.559,0.393,7.526660358175e-15,"early_Procyclics","Tb927.11.11725"
"Tb927.11.6510",1.19443967749451e-18,1.01682971594201,0.553,0.36,1.02590423900003e-14,"early_Procyclics","Tb927.11.6510"
"Tb927.8.6038",1.27702901788156e-18,0.74474939935227,0.728,0.582,1.09684022345847e-14,"early_Procyclics","Tb927.8.6038"
"Tb927.8.1790",1.78051182358729e-18,0.761459971512205,0.785,0.691,1.52928160527912e-14,"early_Procyclics","Tb927.8.1790"
"Tb927.9.12510",2.35236122384926e-18,0.65097188625675,0.802,0.736,2.02044305516413e-14,"early_Procyclics","Tb927.9.12510"
"Tb927.10.9800",5.80633940643832e-18,0.853335356531857,0.65,0.465,4.98706491618987e-14,"early_Procyclics","Tb927.10.9800"
"Tb927.11.9710",6.26244486238785e-18,0.922360267199064,0.699,0.557,5.37881389230493e-14,"early_Procyclics","Tb927.11.9710"
"Tb927.11.9700",1.20427016292448e-17,0.923283844524125,0.65,0.49,1.03434764293583e-13,"early_Procyclics","Tb927.11.9700"
"Tb927.9.5040",6.47493669405635e-17,0.867295556331397,0.61,0.454,5.561323126525e-13,"early_Procyclics","Tb927.9.5040"
"Tb927.1.3180",9.30079059914009e-17,0.576184690256522,0.822,0.74,7.98844904560143e-13,"early_Procyclics","Tb927.1.3180"
"Tb927.10.1590",9.65749484638127e-17,0.899015131579643,0.613,0.459,8.29482232355687e-13,"early_Procyclics","Tb927.10.1590"
"Tb927.11.2410",1.60106841221864e-16,0.781082806062216,0.645,0.487,1.37515765925459e-12,"early_Procyclics","Tb927.11.2410"
"Tb11.v5.0402",2.48352382399122e-16,2.6091618919071,0.054,0.009,2.13309861242606e-12,"early_Procyclics","Tb11.v5.0402"
"Tb927.8.6036",4.05017183489621e-16,1.04810478238865,0.487,0.321,3.47869258899235e-12,"early_Procyclics","Tb927.8.6036"
"Tb927.8.6160",4.23983202918223e-16,1.17188655926056,0.427,0.264,3.64159172986462e-12,"early_Procyclics","Tb927.8.6160"
"Tb927.8.6030",1.26898739853932e-15,0.906710760163848,0.67,0.553,1.08993327660542e-11,"early_Procyclics","Tb927.8.6030"
"Tb927.6.4980",1.43489702082271e-15,0.923641152740277,0.593,0.44,1.23243305118462e-11,"early_Procyclics","Tb927.6.4980"
"Tb927.7.17001",1.6240293482739e-15,1.53536980740893,0.206,0.086,1.39487880723245e-11,"early_Procyclics","Tb927.7.1700"
"Tb927.10.13500",1.79649986170448e-15,0.569513065525867,0.805,0.698,1.54301373121798e-11,"early_Procyclics","Tb927.10.13500"
"Tb927.6.2740",2.3931528763951e-15,0.912615756795929,0.536,0.375,2.05547900553575e-11,"early_Procyclics","Tb927.6.2740"
"Tb927.3.1370",4.43206879738415e-15,0.819365382384596,0.659,0.516,3.80670389007325e-11,"early_Procyclics","Tb927.3.1370"
"Tb927.11.4300",7.0858616911078e-15,0.807967007438456,0.67,0.528,6.08604660649249e-11,"early_Procyclics","Tb927.11.4300"
"Cyb",9.40279594112941e-15,0.532532874286625,0.874,0.816,8.07606143383605e-11,"early_Procyclics","Cyb"
"Tb927.11.740",1.12696173855591e-14,0.692178315294215,0.771,0.672,9.67947437245671e-11,"early_Procyclics","Tb927.11.740"
"Tb11.v5.0381",1.7256285289358e-14,0.942762710082149,0.499,0.335,1.48214234350296e-10,"early_Procyclics","Tb11.v5.0381"
"Tb927.10.11540",1.96905419449308e-14,0.730185721206715,0.713,0.59,1.69122064765011e-10,"early_Procyclics","Tb927.10.11540"
"Tb927.10.9880",2.88265171024648e-14,0.849660523375708,0.605,0.457,2.4759095539307e-10,"early_Procyclics","Tb927.10.9880"
"Tb927.5.1820",3.04170289018521e-14,0.9096660005875,0.607,0.488,2.61251861238007e-10,"early_Procyclics","Tb927.5.1820"
"Tb927.10.15120",3.6842247825265e-14,0.922491991872157,0.527,0.361,3.16438066571201e-10,"early_Procyclics","Tb927.10.15120"
"Tb927.11.16130",4.19939672704977e-14,0.810814573135816,0.636,0.497,3.60686184886304e-10,"early_Procyclics","Tb927.11.16130"
"Tb927.7.2340",5.2011989361131e-14,0.785470559616209,0.633,0.512,4.46730976622754e-10,"early_Procyclics","Tb927.7.2340"
"Tb927.11.10340",9.5786655378015e-14,0.904549180902663,0.501,0.358,8.22711583041771e-10,"early_Procyclics","Tb927.11.10340"
"Tb927.9.15170",9.61914425046975e-14,0.822120772124205,0.559,0.393,8.26188299672847e-10,"early_Procyclics","Tb927.9.15170"
"Tb927.10.270",1.31440557592893e-13,0.852799552655428,0.585,0.439,1.12894294916536e-09,"early_Procyclics","Tb927.10.270"
"Tb927.7.1320",3.35235630596111e-13,0.804601039655749,0.607,0.475,2.87933883119e-09,"early_Procyclics","Tb927.7.1320"
"Tb927.11.6140",4.61961089332208e-13,0.83594147022277,0.622,0.504,3.96778379627433e-09,"early_Procyclics","Tb927.11.6140"
"Tb927.10.3380",6.00590718901978e-13,1.11842506803793,0.318,0.182,5.15847368464909e-09,"early_Procyclics","Tb927.10.3380"
"Tb927.10.7330",8.56995812017087e-13,1.07975613313131,0.41,0.268,7.36073702941476e-09,"early_Procyclics","Tb927.10.7330"
"Tb927.7.170",8.74681939068148e-13,1.38048681337315,0.186,0.081,7.51264317465633e-09,"early_Procyclics","Tb927.7.170"
"Tb927.7.59901",1.00930164321928e-12,1.55020977144359,0.189,0.084,8.66889181361039e-09,"early_Procyclics","Tb927.7.5990"
"Tb927.9.10100",1.02931267430177e-12,1.15370965004117,0.332,0.193,8.84076655957788e-09,"early_Procyclics","Tb927.9.10100"
"Tb927.10.5610",1.16882679697333e-12,0.634736791265598,0.702,0.612,1.00390533592039e-08,"early_Procyclics","Tb927.10.5610"
"Tb927.11.4820",1.41239726782249e-12,0.686833183394117,0.673,0.569,1.21310801333273e-08,"early_Procyclics","Tb927.11.4820"
"Tb927.11.3590",1.80165441236584e-12,0.579229421839459,0.779,0.677,1.54744097478102e-08,"early_Procyclics","Tb927.11.3590"
"Tb927.9.11410",1.86902083943215e-12,1.08353862121603,0.324,0.185,1.60530199898827e-08,"early_Procyclics","Tb927.9.11410"
"Tb927.10.4110",2.05621579733722e-12,1.2084345380654,0.37,0.232,1.76608374833294e-08,"early_Procyclics","Tb927.10.4110"
"Tb927.7.3680",2.15270993240768e-12,0.554400940356416,0.756,0.652,1.84896256094495e-08,"early_Procyclics","Tb927.7.3680"
"Tb927.11.3000",2.52091905087643e-12,0.799429959370634,0.599,0.46,2.16521737279776e-08,"early_Procyclics","Tb927.11.3000"
"Tb927.9.1810",3.08089551768292e-12,1.27892680033042,0.281,0.156,2.64618116013786e-08,"early_Procyclics","Tb927.9.1810"
"Tb927.11.1070",4.474828853771e-12,1.09477454269545,0.344,0.208,3.84343050250391e-08,"early_Procyclics","Tb927.11.1070"
"Tb927.10.2840",4.90111049342311e-12,0.792950463295629,0.567,0.435,4.20956380280111e-08,"early_Procyclics","Tb927.10.2840"
"Tb927.11.13740",4.97796691743646e-12,1.46463846343724,0.221,0.108,4.27557578538618e-08,"early_Procyclics","Tb927.11.13740"
"Tb927.10.2350",6.70167516349454e-12,1.13160323450202,0.304,0.172,5.75606879792546e-08,"early_Procyclics","Tb927.10.2350"
"Tb927.8.6150",7.9047282546355e-12,0.874938017941694,0.49,0.356,6.78937109790643e-08,"early_Procyclics","Tb927.8.6150"
"Tb927.3.3750",1.28384627929093e-11,0.500582906111811,0.84,0.769,1.10269556928298e-07,"early_Procyclics","Tb927.3.3750"
"Tb927.4.1100",2.31798159679367e-11,0.774802435726541,0.504,0.362,1.99091439348608e-07,"early_Procyclics","Tb927.4.1100"
"Tb927.11.15880",2.87136318524944e-11,1.16078886548919,0.309,0.18,2.46621383981074e-07,"early_Procyclics","Tb927.11.15880"
"Tb927.9.12570",3.24460679776881e-11,0.50018427480199,0.802,0.736,2.78679277860363e-07,"early_Procyclics","Tb927.9.12570"
"Tb927.11.6180",3.42800868363494e-11,0.97599079845318,0.421,0.289,2.94431665837405e-07,"early_Procyclics","Tb927.11.6180"
"Tb927.3.3320",4.25779491316468e-11,0.595107581997254,0.731,0.634,3.65702005091715e-07,"early_Procyclics","Tb927.3.3320"
"Tb927.9.14370",4.60706825275546e-11,0.689796662545563,0.688,0.583,3.95701092229167e-07,"early_Procyclics","Tb927.9.14370"
"Tb927.10.13740",7.46002564720198e-11,1.18284634782366,0.221,0.112,6.40741602838178e-07,"early_Procyclics","Tb927.10.13740"
"Tb927.6.3880",7.53960917579233e-11,1.29813327977828,0.221,0.112,6.47577032108803e-07,"early_Procyclics","Tb927.6.3880"
"Tb927.11.11360",8.47430790039742e-11,0.64252693681409,0.668,0.565,7.27858305565134e-07,"early_Procyclics","Tb927.11.11360"
"Tb927.11.16280",8.91958700534366e-11,0.736069221890102,0.573,0.45,7.66103327888967e-07,"early_Procyclics","Tb927.11.16280"
"Tb927.10.3370",8.94778880272672e-11,1.09354901382035,0.372,0.24,7.68525580266198e-07,"early_Procyclics","Tb927.10.3370"
"Tb927.11.11830",9.6996046423797e-11,1.10369488178184,0.33,0.205,8.33099042733993e-07,"early_Procyclics","Tb927.11.11830"
"Tb927.8.1330",1.35481369154575e-10,0.655373571034258,0.613,0.504,1.16364947966864e-06,"early_Procyclics","Tb927.8.1330"
"Tb927.10.12680",1.57814018863522e-10,0.773231267753619,0.481,0.353,1.35546460801879e-06,"early_Procyclics","Tb927.10.12680"
"Tb927.10.12700",3.7668613924689e-10,0.626413454306132,0.699,0.656,3.23535724999154e-06,"early_Procyclics","Tb927.10.12700"
"Tb927.8.1340",3.83961611362332e-10,0.686766745658764,0.573,0.466,3.29784627999107e-06,"early_Procyclics","Tb927.8.1340"
"Tb927.4.1330",6.07078509048502e-10,0.609453777497371,0.619,0.514,5.21419731421758e-06,"early_Procyclics","Tb927.4.1330"
"Tb927.10.4120",7.66120609271224e-10,1.09376971171153,0.327,0.209,6.58020991303054e-06,"early_Procyclics","Tb927.10.4120"
"Tb927.10.3830",1.18792355633911e-09,0.777714236144332,0.447,0.317,1.02030754253966e-05,"early_Procyclics","Tb927.10.3830"
"Tb927.11.19800",1.42953639915261e-09,0.700653990289938,0.564,0.448,1.22782881323218e-05,"early_Procyclics","Tb927.11.19800"
"Tb11.02.5400b",1.53355432848158e-09,1.53545164456943,0.152,0.07,1.31716981273283e-05,"early_Procyclics","Tb11.02.5400b"
"Tb10.v4.0128",1.55997151838091e-09,0.636237990672407,0.59,0.495,1.33985953713736e-05,"early_Procyclics","Tb10.v4.0128"
"Tb927.9.8070",1.70665397728067e-09,0.878683438003049,0.401,0.277,1.46584510108637e-05,"early_Procyclics","Tb927.9.8070"
"Tb927.9.15360",1.82392825983745e-09,0.681085875321797,0.473,0.343,1.56657198237439e-05,"early_Procyclics","Tb927.9.15360"
"Tb927.10.220",2.12770570218356e-09,0.883312499693291,0.413,0.293,1.82748642760546e-05,"early_Procyclics","Tb927.10.220"
"Tb927.10.14710",2.15520255621009e-09,1.10100985487468,0.315,0.201,1.85110347552884e-05,"early_Procyclics","Tb927.10.14710"
"Tb927.11.16730",3.00512358354735e-09,0.587300605668043,0.616,0.524,2.58110064590882e-05,"early_Procyclics","Tb927.11.16730"
"Tb927.10.5480",3.42185613676121e-09,0.748317426421458,0.544,0.441,2.9390322358642e-05,"early_Procyclics","Tb927.10.5480"
"Tb927.8.7820",3.62791682411573e-09,0.733621412475471,0.516,0.406,3.116017760233e-05,"early_Procyclics","Tb927.8.7820"
"Tb927.11.8990",6.17438491965622e-09,0.792475851587832,0.433,0.307,5.30317920749273e-05,"early_Procyclics","Tb927.11.8990"
"Tb927.9.9210",7.37761701992075e-09,0.670822249674084,0.622,0.553,6.33663525840993e-05,"early_Procyclics","Tb927.9.9210"
"Tb927.9.15110",1.27526724045335e-08,0.800661943882923,0.453,0.343,0.000109532703282538,"early_Procyclics","Tb927.9.15110"
"Tb927.7.2090",1.48746803480585e-08,0.739146245281983,0.427,0.313,0.000127758629509475,"early_Procyclics","Tb927.7.2090"
"Tb927.9.156101",1.65062410502045e-08,1.51467739906502,0.083,0.03,0.000141772104380207,"early_Procyclics","Tb927.9.15610"
"Tb927.8.4100",1.69449920921953e-08,0.639640662481475,0.476,0.361,0.000145540537079865,"early_Procyclics","Tb927.8.4100"
"ND4",1.71994186227519e-08,0.970566514908767,0.398,0.285,0.000147725806550816,"early_Procyclics","ND4"
"Tb927.11.5440",1.89624648703452e-08,0.728073315732897,0.481,0.374,0.000162868610771395,"early_Procyclics","Tb927.11.5440"
"Tb927.9.12240",2.08432406506647e-08,0.961877217725145,0.321,0.207,0.000179022593948559,"early_Procyclics","Tb927.9.12240"
"Tb927.9.6070",2.33384953687844e-08,0.64718859570777,0.636,0.558,0.000200454336722489,"early_Procyclics","Tb927.9.6070"
"Tb927.3.2960",2.60084443497678e-08,0.534875760346206,0.648,0.57,0.000223386528520155,"early_Procyclics","Tb927.3.2960"
"Tb927.10.14600",3.57268972492374e-08,1.00326317830499,0.364,0.257,0.0003068583204737,"early_Procyclics","Tb927.10.14600"
"Tb927.10.2890",3.79789958961678e-08,1.1680949219612,0.175,0.09,0.000326201595752185,"early_Procyclics","Tb927.10.2890"
"Tb927.11.13007",5.75924129994538e-08,0.935552573805285,0.338,0.232,0.000494661235252309,"early_Procyclics","Tb927.11.13007"
"Tb927.11.18700",5.96439175345299e-08,0.648232572072074,0.636,0.56,0.000512281607704077,"early_Procyclics","Tb927.11.18700"
"Tb927.10.5670",6.04943371758035e-08,1.14009778038067,0.221,0.128,0.000519585862002976,"early_Procyclics","Tb927.10.5670"
"Tb927.9.15190",6.98624069332423e-08,0.834943905368966,0.404,0.298,0.000600048213149618,"early_Procyclics","Tb927.9.15190"
"Tb927.11.1570",7.24528909366629e-08,0.831529184992027,0.347,0.237,0.000622297880254998,"early_Procyclics","Tb927.11.1570"
"Tb927.11.3030",7.64091477044598e-08,0.546371738531571,0.556,0.448,0.000656278169633605,"early_Procyclics","Tb927.11.3030"
"Tb927.11.13510",8.14116270198287e-08,1.18027744988871,0.152,0.075,0.000699244464473309,"early_Procyclics","Tb927.11.13510"
"Tb927.6.4470",8.60929294571638e-08,0.552776119469079,0.57,0.497,0.00073945217110758,"early_Procyclics","Tb927.6.4470"
"Tb927.11.73501",9.91916967179483e-08,0.733160482885654,0.484,0.389,0.000851957483110458,"early_Procyclics","Tb927.11.7350"
"Tb927.9.8420",1.00951236831791e-07,0.627429101588289,0.53,0.44,0.000867070173148254,"early_Procyclics","Tb927.9.8420"
"Tb927.11.10030",1.10560270200597e-07,0.97107899509648,0.278,0.176,0.000949602160752924,"early_Procyclics","Tb927.11.10030"
"Tb927.7.1750",1.3370588364717e-07,0.692926525812451,0.473,0.359,0.00114839983464554,"early_Procyclics","Tb927.7.1750"
"Tb927.10.3930",1.7340994669265e-07,0.541635008084496,0.602,0.528,0.00148941803214317,"early_Procyclics","Tb927.10.3930"
"Tb927.10.71601",2.36018988188516e-07,1.76142984617276,0.072,0.026,0.00202716708955116,"early_Procyclics","Tb927.10.7160"
"Tb927.11.9860",2.43508226126615e-07,0.579343659586737,0.57,0.477,0.0020914921542015,"early_Procyclics","Tb927.11.9860"
"Tb927.10.3660",2.89272430253102e-07,0.768344529429435,0.318,0.218,0.00248456090344389,"early_Procyclics","Tb927.10.3660"
"Tb927.1.2310",3.34251977190503e-07,0.903759832414478,0.307,0.208,0.00287089023208923,"early_Procyclics","Tb927.1.2310"
"Tb927.9.10400",4.38282445871377e-07,0.706284994113607,0.447,0.341,0.00376440792758926,"early_Procyclics","Tb927.9.10400"
"Tb927.11.11370",4.42782365326642e-07,0.699779939011423,0.381,0.279,0.00380305773579053,"early_Procyclics","Tb927.11.11370"
"Tb927.9.1850",4.85581892883583e-07,0.850434032063067,0.307,0.211,0.00417066287797709,"early_Procyclics","Tb927.9.1850"
"Tb927.9.7000",5.23585570294196e-07,1.14979712623542,0.181,0.101,0.00449707646325685,"early_Procyclics","Tb927.9.7000"
"Tb927.11.13230",1.17007903311624e-06,0.539690010295837,0.63,0.575,0.0100498088154353,"early_Procyclics","Tb927.11.13230"
"Tb9.NT.34",1.22003774678281e-06,1.07185177444136,0.198,0.116,0.0104789042071175,"early_Procyclics","Tb9.NT.34"
"Tb927.7.230",1.67281476374747e-06,0.870349570495504,0.244,0.157,0.0143678060058271,"early_Procyclics","Tb927.7.230"
"Tb927.9.13200",1.73340532780486e-06,0.736835639936491,0.355,0.255,0.014888218360516,"early_Procyclics","Tb927.9.13200"
"Tb927.9.137851",1.86834616990122e-06,0.734225796720146,0.39,0.294,0.0160472252532816,"early_Procyclics","Tb927.9.13785"
"Tb927.11.13003",2.192168831185e-06,0.999057332602484,0.201,0.121,0.018828538091048,"early_Procyclics","Tb927.11.13003"
"Tb927.6.38001",2.78950943649365e-06,0.53878270680871,0.593,0.509,0.0239590965500439,"early_Procyclics","Tb927.6.3800"
"Tb927.11.5850",3.61908458638325e-06,0.595465027482459,0.504,0.419,0.0310843175124458,"early_Procyclics","Tb927.11.5850"
"Tb927.9.15210",4.46000271159607e-06,0.702744996966057,0.39,0.297,0.0383069632898987,"early_Procyclics","Tb927.9.15210"
"Tb927.8.3060",4.84329711582665e-06,0.900212191659137,0.301,0.21,0.0415990789278351,"early_Procyclics","Tb927.8.3060"
"Tb927.6.2100",4.95467758325753e-06,0.863166401139596,0.37,0.282,0.0425557257625989,"early_Procyclics","Tb927.6.2100"
"Tb927.8.7370",5.13709058984305e-06,0.755713417004157,0.281,0.191,0.044122471076162,"early_Procyclics","Tb927.8.7370"
"Tb927.7.5180",5.31188248840376e-06,0.794128301983026,0.407,0.318,0.0456237586928999,"early_Procyclics","Tb927.7.5180"
"Tb09.v4.0119",7.98931826519749e-113,6.68978598276663,0.074,0.001,6.86202545797813e-109,"late_possibleMetacyclics","Tb09.v4.0119"
"Tb927.5.1990",3.35762815022956e-55,1.757889441865,0.755,0.438,2.88386681823217e-51,"late_possibleMetacyclics","Tb927.5.1990"
"Tb927.10.127801",6.07851859822329e-43,1.91158927863759,0.486,0.19,5.22083962401398e-39,"late_possibleMetacyclics","Tb927.10.12780"
"Tb927.10.128001",2.21124804969996e-36,1.94055946961755,0.621,0.347,1.8992409498873e-32,"late_possibleMetacyclics","Tb927.10.12800"
"Tb927.11.178701",7.96531826403211e-36,2.8121970049484,0.22,0.052,6.84141185697718e-32,"late_possibleMetacyclics","Tb927.11.17870"
"Tb927.5.3620",6.77819053969993e-35,1.16556030713875,0.798,0.643,5.82178785454827e-31,"late_possibleMetacyclics","Tb927.5.3620"
"Tb927.9.79601",4.7563404097561e-34,3.52620734135644,0.096,0.011,4.08522077793952e-30,"late_possibleMetacyclics","Tb927.9.7960"
"Tb927.11.12801",9.71239723375017e-33,1.71656805982389,0.553,0.288,8.34197798406802e-29,"late_possibleMetacyclics","Tb927.11.1280"
"Tb927.2.6220",5.10443142380367e-32,3.63726153766908,0.082,0.009,4.38419614990497e-28,"late_possibleMetacyclics","Tb927.2.6220"
"Tb927.10.127601",2.52861746893775e-31,1.44198850914484,0.652,0.405,2.17182954407064e-27,"late_possibleMetacyclics","Tb927.10.12760"
"Tb927.5.2000",2.52891419580907e-31,1.69187245438004,0.567,0.318,2.17208440278041e-27,"late_possibleMetacyclics","Tb927.5.2000"
"Tb927.1.48901",1.56388946003085e-29,3.03820301708656,0.11,0.017,1.34322465722049e-25,"late_possibleMetacyclics","Tb927.1.4890"
"Tb927.6.34801",2.52341113928348e-28,1.70816763809862,0.528,0.29,2.16735782753058e-24,"late_possibleMetacyclics","Tb927.6.3480"
"Tb927.4.5310",1.13988678835562e-26,1.63219058120063,0.56,0.341,9.79048762518638e-23,"late_possibleMetacyclics","Tb927.4.5310"
"Tb927.7.2660",1.72179263601703e-26,0.773947904462011,0.947,0.882,1.47884769507503e-22,"late_possibleMetacyclics","Tb927.7.2660"
"Tb927.5.287b1",3.00074726113243e-26,1.93147506430542,0.287,0.1,2.57734182258664e-22,"late_possibleMetacyclics","Tb927.5.287b"
"Tb927.7.75201",3.8367673006723e-26,2.33164376647213,0.206,0.057,3.29539943454744e-22,"late_possibleMetacyclics","Tb927.7.7520"
"Tb927.8.63401",1.62284026972177e-25,1.73019286671547,0.457,0.235,1.39385750766403e-21,"late_possibleMetacyclics","Tb927.8.6340"
"Tb927.6.690",3.02682276638664e-25,0.79090240757316,0.869,0.788,2.59973807404948e-21,"late_possibleMetacyclics","Tb927.6.690"
"Tb927.1.4910",1.78562131952709e-24,3.76457304897948,0.06,0.006,1.53367015134182e-20,"late_possibleMetacyclics","Tb927.1.4910"
"Tb927.11.12120",3.68304539056427e-23,1.77718221302677,0.418,0.208,3.16336768595565e-19,"late_possibleMetacyclics","Tb927.11.12120"
"Tb927.10.14890",8.0810742045886e-22,1.70219340062102,0.44,0.239,6.94083463432115e-18,"late_possibleMetacyclics","Tb927.10.14890"
"Tb927.9.158201",8.35691879960416e-22,2.14492049962748,0.184,0.053,7.17775755698001e-18,"late_possibleMetacyclics","Tb927.9.15820"
"Tb927.10.70901",2.84495047402635e-21,1.08972918723016,0.745,0.591,2.44352796214123e-17,"late_possibleMetacyclics","Tb927.10.7090"
"Tb927.1.15001",5.59413865696999e-21,1.3650942798309,0.504,0.293,4.80480569247152e-17,"late_possibleMetacyclics","Tb927.1.1500"
"Tb927.1.2160",9.95904164893929e-21,1.07674003692893,0.688,0.536,8.55382087227395e-17,"late_possibleMetacyclics","Tb927.1.2160"
"Tb927.5.14001",1.15520139956324e-20,2.43598328215538,0.138,0.034,9.92202482084871e-17,"late_possibleMetacyclics","Tb927.5.1400"
"Tb927.4.4520",1.32167565474695e-20,1.3553136754151,0.504,0.302,1.13518721986215e-16,"late_possibleMetacyclics","Tb927.4.4520"
"Tb927.11.4900",1.34505723201141e-20,1.09282863109198,0.642,0.477,1.1552696565746e-16,"late_possibleMetacyclics","Tb927.11.4900"
"Tb927.7.3700",1.75057321109665e-20,1.14328772654135,0.642,0.45,1.50356733101091e-16,"late_possibleMetacyclics","Tb927.7.3700"
"Tb927.11.12140",2.14588641941357e-20,1.94480940792908,0.259,0.099,1.84310184563431e-16,"late_possibleMetacyclics","Tb927.11.12140"
"Tb927.4.710",8.67673620480212e-20,1.66174465207695,0.333,0.152,7.45244872630454e-16,"late_possibleMetacyclics","Tb927.4.710"
"Tb927.7.66001",1.67286885380101e-19,2.78728667979339,0.117,0.027,1.43682705852969e-15,"late_possibleMetacyclics","Tb927.7.6600"
"Tb927.9.102801",3.31702204542108e-19,1.7507745223961,0.418,0.23,2.84899023481216e-15,"late_possibleMetacyclics","Tb927.9.10280"
"Tb927.1.4650",5.29819096925739e-19,1.33381954782093,0.663,0.532,4.55061622349517e-15,"late_possibleMetacyclics","Tb927.1.4650"
"Tb05.5K5.2701",7.15988840641935e-19,2.26058059240192,0.135,0.034,6.14962815227358e-15,"late_possibleMetacyclics","Tb05.5K5.270"
"Tb927.2.6200",1.32379810033768e-18,3.01170558605177,0.085,0.016,1.13701018838003e-14,"late_possibleMetacyclics","Tb927.2.6200"
"Tb927.7.20901",2.09153021793705e-18,1.35147305224362,0.5,0.312,1.79641530418614e-14,"late_possibleMetacyclics","Tb927.7.2090"
"Tb927.5.1970",4.31851237650179e-18,2.03919393354935,0.191,0.064,3.70917028017739e-14,"late_possibleMetacyclics","Tb927.5.1970"
"Tb927.10.12730",5.78865372767988e-18,1.44958985131888,0.394,0.209,4.97187468670425e-14,"late_possibleMetacyclics","Tb927.10.12730"
"Tb927.6.5010",2.81321663317851e-17,1.15363000594796,0.585,0.439,2.41627176623702e-13,"late_possibleMetacyclics","Tb927.6.5010"
"Tb927.3.50801",1.05163109715597e-16,1.44104502857157,0.461,0.285,9.03245949347264e-13,"late_possibleMetacyclics","Tb927.3.5080"
"Tb927.5.310",1.42368594534596e-15,2.03128221172889,0.284,0.133,1.22280385845765e-11,"late_possibleMetacyclics","Tb927.5.310"
"Tb927.6.3120",1.43452326381938e-15,2.37570698004681,0.142,0.044,1.23211203129447e-11,"late_possibleMetacyclics","Tb927.6.3120"
"Tb927.11.27501",2.91268507832362e-15,1.74056309451254,0.262,0.117,2.50170521377216e-11,"late_possibleMetacyclics","Tb927.11.2750"
"Tb11.01.62501",5.48736922115247e-15,2.52448278755897,0.089,0.02,4.71310142404786e-11,"late_possibleMetacyclics","Tb11.01.6250"
"Tb927.4.1230",3.29617349621345e-14,2.34638714241902,0.145,0.048,2.83108341589773e-10,"late_possibleMetacyclics","Tb927.4.1230"
"Tb927.8.8290",3.5803704025644e-14,1.05904236544212,0.645,0.551,3.07518013876256e-10,"late_possibleMetacyclics","Tb927.8.8290"
"Tb927.8.78501",4.3762416362918e-14,0.992115254855436,0.592,0.459,3.75875394141103e-10,"late_possibleMetacyclics","Tb927.8.7850"
"Tb927.1.700",5.54711515995191e-14,2.26202731987956,0.145,0.049,4.7644172108827e-10,"late_possibleMetacyclics","Tb927.1.700"
"Tb927.6.32401",3.07909038538722e-13,1.72635433693648,0.199,0.081,2.64463073200908e-09,"late_possibleMetacyclics","Tb927.6.3240"
"Tb927.5.2010",4.29500594075758e-13,1.57503258407076,0.298,0.159,3.68898060251669e-09,"late_possibleMetacyclics","Tb927.5.2010"
"Tb927.10.12740",6.00770190143526e-13,1.04362104504569,0.553,0.419,5.16001516314275e-09,"late_possibleMetacyclics","Tb927.10.12740"
"Tb927.10.450",6.02132876010467e-13,0.837493900175981,0.652,0.567,5.1717192720539e-09,"late_possibleMetacyclics","Tb927.10.450"
"Tb927.8.77801",6.6714448928283e-13,1.44974792067805,0.291,0.149,5.73010401845022e-09,"late_possibleMetacyclics","Tb927.8.7780"
"Tb927.11.7000",7.00864063963123e-13,1.18591854780731,0.436,0.28,6.01972144537926e-09,"late_possibleMetacyclics","Tb927.11.7000"
"Tb927.7.2650",7.30687542457355e-13,1.613198433265,0.262,0.129,6.27587530216622e-09,"late_possibleMetacyclics","Tb927.7.2650"
"Tb927.9.106501",8.49748182314274e-13,2.14594421882845,0.223,0.102,7.29848713789730e-09,"late_possibleMetacyclics","Tb927.9.10650"
"Tb927.2.6000",1.20735822646804e-12,1.07811796094918,0.535,0.407,1.0369999807134e-08,"late_possibleMetacyclics","Tb927.2.6000"
"Tb927.5.110",1.64145023616456e-12,2.54283501264828,0.085,0.022,1.40984160784174e-08,"late_possibleMetacyclics","Tb927.5.110"
"Tb927.8.8330",1.70119520024247e-12,1.38471661409798,0.291,0.151,1.46115655748826e-08,"late_possibleMetacyclics","Tb927.8.8330"
"Tb927.1.1740",1.73159314055161e-12,1.34233774969761,0.39,0.241,1.48726534841978e-08,"late_possibleMetacyclics","Tb927.1.1740"
"Tb927.9.14940",2.57959201886342e-12,2.83689017251852,0.071,0.016,2.21561158500179e-08,"late_possibleMetacyclics","Tb927.9.14940"
"Tb927.8.67601",3.03139080757119e-12,1.46809369940027,0.241,0.113,2.6036615646229e-08,"late_possibleMetacyclics","Tb927.8.6760"
"Tb11.v5.07311",3.26139895980174e-12,2.28927201026764,0.124,0.041,2.80121556657371e-08,"late_possibleMetacyclics","Tb11.v5.0731"
"Tb927.8.2780",7.04978779840393e-12,1.29631952270247,0.397,0.254,6.05506274004913e-08,"late_possibleMetacyclics","Tb927.8.2780"
"Tb05.5K5.260",9.76581543492086e-12,2.37335889818608,0.089,0.024,8.38785887705353e-08,"late_possibleMetacyclics","Tb05.5K5.260"
"Tb927.10.840",1.00368327098206e-11,1.11438010596235,0.433,0.292,8.62063561446491e-08,"late_possibleMetacyclics","Tb927.10.840"
"Tb927.11.73801",2.22458970647172e-11,1.47720199914048,0.291,0.159,1.91070009888856e-07,"late_possibleMetacyclics","Tb927.11.7380"
"Tb927.10.36601",2.54475443419139e-11,1.42313921043412,0.358,0.218,2.18568958352699e-07,"late_possibleMetacyclics","Tb927.10.3660"
"Tb927.1.15301",3.44897631207222e-11,1.06427767972186,0.362,0.216,2.96232575443883e-07,"late_possibleMetacyclics","Tb927.1.1530"
"Tb927.3.1520",6.50680387404446e-11,2.76264009488168,0.071,0.018,5.58869384741679e-07,"late_possibleMetacyclics","Tb927.3.1520"
"Tb927.9.12830",7.09879554316607e-11,1.27843800490795,0.326,0.192,6.09715549202534e-07,"late_possibleMetacyclics","Tb927.9.12830"
"Tb927.3.4180",7.45986586525264e-11,1.86651296431287,0.131,0.048,6.40727879166549e-07,"late_possibleMetacyclics","Tb927.3.4180"
"Tb927.11.14595",1.03245528643675e-10,2.09959025454532,0.145,0.057,8.86775845520525e-07,"late_possibleMetacyclics","Tb927.11.14595"
"Tb927.4.2450",1.07700576201399e-10,0.945447914624239,0.511,0.383,9.25040248993815e-07,"late_possibleMetacyclics","Tb927.4.2450"
"Tb927.2.24902",1.1356128298875e-10,1.67614009753377,0.152,0.061,9.75377859590374e-07,"late_possibleMetacyclics","Tb927.2.2490"
"Tb927.9.15401",1.41450892476786e-10,1.43549173994147,0.209,0.099,1.21492171548311e-06,"late_possibleMetacyclics","Tb927.9.1540"
"Tb927.7.6560",1.70988228355464e-10,1.7078514141656,0.22,0.109,1.46861789334508e-06,"late_possibleMetacyclics","Tb927.7.6560"
"Tb927.1.5160",2.55554951592911e-10,2.4169386975628,0.089,0.027,2.19496147923151e-06,"late_possibleMetacyclics","Tb927.1.5160"
"Tb927.11.10690",2.79467840986622e-10,1.51185815935922,0.184,0.082,2.4003492862341e-06,"late_possibleMetacyclics","Tb927.11.10690"
"Tb927.4.4580",3.37127178367835e-10,1.19386645930994,0.369,0.241,2.89558533500133e-06,"late_possibleMetacyclics","Tb927.4.4580"
"Tb927.11.8330",3.619305226222e-10,2.49925412394901,0.078,0.022,3.10862125880208e-06,"late_possibleMetacyclics","Tb927.11.8330"
"Tb927.11.15160",3.63476702913264e-10,1.01886230601221,0.525,0.432,3.12190140132203e-06,"late_possibleMetacyclics","Tb927.11.15160"
"Tb2.NT.81",6.23519640379337e-10,1.85444085782695,0.135,0.053,5.35541019121813e-06,"late_possibleMetacyclics","Tb2.NT.8"
"Tb927.3.4230",6.61262249810513e-10,1.17490207822926,0.294,0.164,5.67958146362249e-06,"late_possibleMetacyclics","Tb927.3.4230"
"Tb927.9.1510",8.05005901085001e-10,1.39648569171298,0.28,0.159,6.91419568441908e-06,"late_possibleMetacyclics","Tb927.9.1510"
"Tb927.7.6580",9.84310422338473e-10,1.54361147885281,0.206,0.101,8.45424221746515e-06,"late_possibleMetacyclics","Tb927.7.6580"
"Tb927.10.23301",1.07797497644817e-09,1.39091814140871,0.216,0.106,9.25872707271329e-06,"late_possibleMetacyclics","Tb927.10.2330"
"Tb927.1.50601",1.2497882856433e-09,1.49699731683907,0.223,0.114,1.07344315853903e-05,"late_possibleMetacyclics","Tb927.1.5060"
"Tb05.5K5.280",1.31361104686032e-09,2.37228682180163,0.057,0.013,1.12826052814833e-05,"late_possibleMetacyclics","Tb05.5K5.280"
"Tb927.7.1701",1.75034998075694e-09,1.29356256533167,0.181,0.081,1.50337559847213e-05,"late_possibleMetacyclics","Tb927.7.170"
"Tb927.10.8101",3.46564024765672e-09,1.33564809126136,0.298,0.18,2.97663840871236e-05,"late_possibleMetacyclics","Tb927.10.810"
"Tb927.2.20601",3.68884086075991e-09,1.66630429221759,0.167,0.076,3.16834541530669e-05,"late_possibleMetacyclics","Tb927.2.2060"
"Tb927.10.127501",4.21017191066606e-09,1.2936959999415,0.273,0.158,3.61611665407108e-05,"late_possibleMetacyclics","Tb927.10.12750"
"Tb927.1.1820",4.31177904612368e-09,1.26206749981836,0.316,0.194,3.70338702271563e-05,"late_possibleMetacyclics","Tb927.1.1820"
"Tb927.8.6250",5.30931910756033e-09,1.26530658966966,0.291,0.173,4.56017418148357e-05,"late_possibleMetacyclics","Tb927.8.6250"
"Tb927.7.6570",6.29911317539038e-09,2.30794174078155,0.117,0.045,5.4103083063428e-05,"late_possibleMetacyclics","Tb927.7.6570"
"Tb927.7.3970",6.87679334185191e-09,0.568687512180997,0.848,0.847,5.9064778013166e-05,"late_possibleMetacyclics","Tb927.7.3970"
"Tb927.9.7380",7.1299412405478e-09,2.04253678349633,0.106,0.039,6.1239065315065e-05,"late_possibleMetacyclics","Tb927.9.7380"
"Tb927.11.12130",1.06889877119489e-08,1.39738853982237,0.27,0.159,9.18077154579289e-05,"late_possibleMetacyclics","Tb927.11.12130"
"Tb927.11.151801",1.09411587612318e-08,1.39672866530698,0.223,0.118,9.397361260022e-05,"late_possibleMetacyclics","Tb927.11.15180"
"Tb927.2.4801",1.09988597966149e-08,0.984713936187251,0.436,0.323,9.44692067931255e-05,"late_possibleMetacyclics","Tb927.2.480"
"Tb927.11.8440",1.15054192498606e-08,1.39626960914401,0.245,0.136,9.88200459370531e-05,"late_possibleMetacyclics","Tb927.11.8440"
"Tb927.3.560",1.34605185225189e-08,2.49136649224273,0.05,0.012,0.000115612393589915,"late_possibleMetacyclics","Tb927.3.560"
"Tb927.11.41001",1.69240789676808e-08,2.1558897778778,0.092,0.032,0.00014536091425341,"late_possibleMetacyclics","Tb927.11.4100"
"Tb927.3.5670",1.95457945987223e-08,1.76739162035239,0.128,0.053,0.000167878829808426,"late_possibleMetacyclics","Tb927.3.5670"
"Tb927.6.815",2.18520229948104e-08,1.31105923218515,0.234,0.129,0.000187687025502426,"late_possibleMetacyclics","Tb927.6.815"
"Tb927.7.470",2.74452762956728e-08,1.84195144975688,0.152,0.07,0.000235727478103534,"late_possibleMetacyclics","Tb927.7.470"
"Tb927.8.7580",3.197503567316e-08,0.788268147757877,0.511,0.395,0.000274633581396771,"late_possibleMetacyclics","Tb927.8.7580"
"Tb927.8.1945",3.95068380208727e-08,1.93581817483137,0.117,0.048,0.000339324231761275,"late_possibleMetacyclics","Tb927.8.1945"
"Tb927.1.21501",4.14812269086877e-08,1.28203099131278,0.252,0.145,0.000356282257918719,"late_possibleMetacyclics","Tb927.1.2150"
"Tb927.5.1650",4.63055902536215e-08,0.901104357601666,0.479,0.387,0.000397718714688355,"late_possibleMetacyclics","Tb927.5.1650"
"Tb927.2.2120",5.76684493464409e-08,1.44894829726168,0.262,0.157,0.000495314311436581,"late_possibleMetacyclics","Tb927.2.2120"
"Tb927.7.59702",6.4923989073466e-08,1.25374444302889,0.309,0.2,0.000557632142152,"late_possibleMetacyclics","Tb927.7.5970"
"Tb927.10.20101",6.99173281505672e-08,0.575765922551963,0.33,0.211,0.000600519931485222,"late_possibleMetacyclics","Tb927.10.2010"
"Tb927.7.3690",7.23150568956434e-08,0.996113332337434,0.312,0.196,0.000621114023676681,"late_possibleMetacyclics","Tb927.7.3690"
"Tb927.8.4890",8.09666546771351e-08,2.7737308058743,0.096,0.036,0.000695422597021914,"late_possibleMetacyclics","Tb927.8.4890"
"Tb927.8.33701",8.14031166188942e-08,1.48268281816607,0.177,0.089,0.000699171368639682,"late_possibleMetacyclics","Tb927.8.3370"
"Tb11.v5.0792",8.8026671845604e-08,1.67309949268406,0.124,0.053,0.000756061084481893,"late_possibleMetacyclics","Tb11.v5.0792"
"Tb927.2.460",9.43473173046131e-08,1.01220703019052,0.429,0.329,0.000810349108329322,"late_possibleMetacyclics","Tb927.2.460"
"Tb10.v4.02171",9.54259722855161e-08,1.38764092689544,0.106,0.041,0.000819613675960297,"late_possibleMetacyclics","Tb10.v4.0217"
"Tb927.4.4540",1.05937159812942e-07,1.65396412188476,0.138,0.062,0.000909894265633358,"late_possibleMetacyclics","Tb927.4.4540"
"Tb11.v5.0713",1.19595386097927e-07,0.66631097472026,0.613,0.557,0.0010272047711951,"late_possibleMetacyclics","Tb11.v5.0713"
"Tb927.7.7160",1.36133220744837e-07,1.10906237063256,0.309,0.195,0.0011692482329774,"late_possibleMetacyclics","Tb927.7.7160"
"Tb927.1.51201",1.36545814466291e-07,1.8428468997569,0.071,0.023,0.00117279200045098,"late_possibleMetacyclics","Tb927.1.5120"
"Tb927.7.180",1.48947713793153e-07,1.57551206607834,0.156,0.075,0.00127931191376939,"late_possibleMetacyclics","Tb927.7.180"
"Tb927.11.13250",1.79241484278743e-07,0.719874634911476,0.571,0.506,0.00153950510847012,"late_possibleMetacyclics","Tb927.11.13250"
"Tb927.2.6150",2.64359393306504e-07,1.74705833164751,0.121,0.053,0.00227058282910956,"late_possibleMetacyclics","Tb927.2.6150"
"Tb927.4.32901",2.73425138405087e-07,2.23706053584656,0.06,0.018,0.00234844851376129,"late_possibleMetacyclics","Tb927.4.3290"
"Tb927.7.1930",2.83846872881826e-07,2.25008030098804,0.053,0.015,0.00243796079118201,"late_possibleMetacyclics","Tb927.7.1930"
"Tb927.8.4190",2.84897506146091e-07,0.548308571166976,0.702,0.664,0.00244698468028878,"late_possibleMetacyclics","Tb927.8.4190"
"Tb927.11.10920",2.94436492109145e-07,1.32176685504523,0.199,0.108,0.00252891503072544,"late_possibleMetacyclics","Tb927.11.10920"
"Tb927.7.61802",3.18957442970769e-07,1.00042097328718,0.319,0.209,0.00273952547767593,"late_possibleMetacyclics","Tb927.7.6180"
"Tb927.9.15870",3.29261382615575e-07,1.48753789434547,0.117,0.05,0.00282802601528517,"late_possibleMetacyclics","Tb927.9.15870"
"Tb927.5.2480",3.4603817021227e-07,0.995368905962583,0.348,0.245,0.00297212184395319,"late_possibleMetacyclics","Tb927.5.2480"
"Tb927.10.11860",4.69077619487151e-07,1.13538138940877,0.284,0.184,0.00402890767377514,"late_possibleMetacyclics","Tb927.10.11860"
"Tb927.7.4190",4.72465306764341e-07,1.14536048025164,0.319,0.22,0.00405800451979893,"late_possibleMetacyclics","Tb927.7.4190"
"Tb927.8.81401",4.98728808292191e-07,1.44330845097638,0.188,0.102,0.00428358173442162,"late_possibleMetacyclics","Tb927.8.8140"
"Tb927.11.57201",5.04925817887271e-07,0.976792883637289,0.34,0.234,0.00433680784983377,"late_possibleMetacyclics","Tb927.11.5720"
"Tb07.30D13.1601",5.45476758844445e-07,1.31668218636142,0.252,0.157,0.00468509988171494,"late_possibleMetacyclics","Tb07.30D13.160"
"Tb927.9.9280",5.82177500843035e-07,1.10819362374176,0.273,0.172,0.00500032255474083,"late_possibleMetacyclics","Tb927.9.9280"
"Tb927.11.13200",6.09443341868684e-07,1.30604015670713,0.16,0.08,0.00523450886331012,"late_possibleMetacyclics","Tb927.11.13200"
"Tb927.1.5100",6.64434339972096e-07,2.23761309263908,0.06,0.019,0.00570682654602033,"late_possibleMetacyclics","Tb927.1.5100"
"Tb927.11.11560",6.90039564573677e-07,1.94596726460758,0.106,0.045,0.00592674982012331,"late_possibleMetacyclics","Tb927.11.11560"
"Tb8.NT.99",7.59599409867895e-07,1.07640624670486,0.291,0.192,0.00652419933135535,"late_possibleMetacyclics","Tb8.NT.99"
"Tb927.3.2930",7.73287679518839e-07,0.870411463398001,0.489,0.399,0.00664176787938731,"late_possibleMetacyclics","Tb927.3.2930"
"Tb927.3.1920",7.94247518604158e-07,0.579685199765077,0.606,0.533,0.00682179193729111,"late_possibleMetacyclics","Tb927.3.1920"
"Tb927.7.330",8.31609731797155e-07,1.24965688320825,0.266,0.174,0.00714269598640577,"late_possibleMetacyclics","Tb927.7.330"
"Tb927.7.7070",8.63384688491386e-07,1.42170257393345,0.135,0.064,0.00741561108945251,"late_possibleMetacyclics","Tb927.7.7070"
"Tb927.6.2530",9.12361452072087e-07,1.22324437720904,0.22,0.128,0.00783627251184716,"late_possibleMetacyclics","Tb927.6.2530"
"Tb927.4.2810",9.28505611370019e-07,0.953097977759335,0.301,0.199,0.00797493469605709,"late_possibleMetacyclics","Tb927.4.2810"
"Tb927.4.2380",9.33433137816512e-07,1.22338493174005,0.199,0.11,0.00801725722070602,"late_possibleMetacyclics","Tb927.4.2380"
"Tb11.v5.0873",9.83771580891894e-07,2.06389205759916,0.074,0.027,0.00844961410828047,"late_possibleMetacyclics","Tb11.v5.0873"
"Tb927.11.75501",1.05778949235414e-06,1.18652874204152,0.195,0.108,0.00908535394982969,"late_possibleMetacyclics","Tb927.11.7550"
"Tb927.11.84701",1.06638666560696e-06,0.917829911571221,0.472,0.388,0.00915919507089815,"late_possibleMetacyclics","Tb927.11.8470"
"Tb927.8.82301",1.17135098125173e-06,1.14379620316044,0.174,0.09,0.0100607335779711,"late_possibleMetacyclics","Tb927.8.8230"
"Tb927.9.7390",1.27734918933822e-06,1.58183487323805,0.103,0.043,0.010971152187226,"late_possibleMetacyclics","Tb927.9.7390"
"Tb927.3.1560",1.48329132127864e-06,0.962080100910022,0.39,0.291,0.0127399891584622,"late_possibleMetacyclics","Tb927.3.1560"
"Tb927.9.7670",1.74747075650485e-06,0.763173103283486,0.383,0.277,0.0150090263276201,"late_possibleMetacyclics","Tb927.9.7670"
"Tb927.10.790",1.93354088467811e-06,0.746333945209098,0.564,0.498,0.0166071826585003,"late_possibleMetacyclics","Tb927.10.790"
"Tb927.8.6620",2.0092887211033e-06,1.43257079949302,0.121,0.056,0.0172577808255562,"late_possibleMetacyclics","Tb927.8.6620"
"Tb927.7.2450",2.2832033904941e-06,0.903968422682731,0.28,0.179,0.0196104339209538,"late_possibleMetacyclics","Tb927.7.2450"
"Tb927.2.2029",2.32971364573188e-06,1.90256892848576,0.085,0.034,0.0200099105031911,"late_possibleMetacyclics","Tb927.2.2029"
"Tb927.6.3300",2.53247382715014e-06,1.36675315300707,0.138,0.069,0.0217514177013926,"late_possibleMetacyclics","Tb927.6.3300"
"Tb11.v5.0699",2.86173151482693e-06,2.29581827487313,0.05,0.015,0.0245794119808485,"late_possibleMetacyclics","Tb11.v5.0699"
"Tb927.7.7400",3.04662585917274e-06,1.47152929491468,0.135,0.066,0.0261674695044347,"late_possibleMetacyclics","Tb927.7.7400"
"Tb927.11.12180",3.41459845127367e-06,1.52040019699571,0.149,0.078,0.0293279860979895,"late_possibleMetacyclics","Tb927.11.12180"
"Tb927.11.167",3.48054970822085e-06,0.986289951391416,0.394,0.311,0.0298944414439089,"late_possibleMetacyclics","Tb927.11.167"
"Tb927.8.6720",3.53465741237624e-06,1.7430542075389,0.092,0.038,0.0303591725148996,"late_possibleMetacyclics","Tb927.8.6720"
"Tb927.2.22601",3.67230876530738e-06,0.905914619004508,0.323,0.224,0.0315414599852251,"late_possibleMetacyclics","Tb927.2.2260"
"Tb927.2.46201",3.85083770409475e-06,1.47650984242913,0.174,0.096,0.0330748450404698,"late_possibleMetacyclics","Tb927.2.4620"
"Tb927.8.4520",4.10776718197652e-06,1.27577949107395,0.191,0.11,0.0352816123259964,"late_possibleMetacyclics","Tb927.8.4520"
"Tb927.4.2220",4.27395529490251e-06,0.691464374475032,0.468,0.371,0.0367090020279177,"late_possibleMetacyclics","Tb927.4.2220"
"Tb927.3.3380",4.27899726737483e-06,1.37750762818088,0.152,0.08,0.0367523075294824,"late_possibleMetacyclics","Tb927.3.3380"
"Tb927.8.7500",4.57187285283462e-06,1.43318672943612,0.206,0.125,0.0392678159329965,"late_possibleMetacyclics","Tb927.8.7500"
"Tb927.10.5160",5.19632336048035e-06,0.98306117909496,0.34,0.254,0.0446312213431658,"late_possibleMetacyclics","Tb927.10.5160"
"Tb927.5.2740",5.36603327734419e-06,1.77357128260074,0.121,0.059,0.0460888598191093,"late_possibleMetacyclics","Tb927.5.2740"
"Tb927.1.49001",5.4837991337781e-06,1.64895264878006,0.074,0.028,0.0471003507600201,"late_possibleMetacyclics","Tb927.1.4900"
